{"columns":["predicted_mean"],"index":[937,938,939,940,941,942,943,944,945,946,947,948,949,950,951,952,953,954,955,956,957,958,959,960,961,962,963,964,965,966,967,968,969,970,971,972,973,974,975,976,977,978,979,980,981,982,983,984,985,986,987,988,989,990,991,992,993,994,995,996,997,998,999,1000,1001,1002,1003,1004,1005,1006,1007,1008,1009,1010,1011,1012,1013,1014,1015,1016,1017,1018,1019,1020,1021,1022,1023,1024,1025,1026,1027,1028,1029,1030,1031,1032,1033,1034,1035,1036,1037,1038,1039,1040,1041,1042,1043,1044,1045,1046,1047,1048,1049,1050,1051,1052,1053,1054,1055,1056,1057,1058,1059,1060,1061,1062,1063,1064,1065,1066,1067,1068,1069,1070,1071,1072,1073,1074,1075,1076,1077,1078,1079,1080,1081,1082,1083,1084,1085,1086,1087,1088,1089,1090,1091,1092,1093,1094,1095,1096,1097,1098,1099,1100,1101,1102,1103,1104,1105,1106,1107,1108,1109,1110,1111,1112,1113,1114,1115,1116,1117,1118,1119,1120,1121,1122,1123,1124,1125,1126,1127,1128,1129,1130,1131,1132,1133,1134,1135,1136,1137,1138,1139,1140,1141,1142,1143,1144,1145,1146,1147,1148,1149,1150,1151,1152,1153,1154,1155,1156,1157,1158,1159,1160,1161,1162,1163,1164,1165,1166,1167,1168,1169,1170,1171,1172,1173,1174,1175,1176,1177,1178,1179,1180,1181,1182,1183,1184,1185,1186,1187,1188,1189,1190,1191,1192,1193,1194,1195,1196,1197,1198,1199,1200,1201,1202,1203,1204,1205,1206,1207,1208,1209,1210,1211,1212,1213,1214,1215,1216,1217,1218,1219,1220,1221,1222,1223,1224,1225,1226,1227,1228,1229,1230,1231,1232,1233,1234,1235,1236,1237,1238,1239,1240,1241,1242,1243,1244,1245,1246,1247,1248,1249,1250,1251,1252,1253,1254,1255,1256,1257,1258,1259,1260,1261,1262,1263,1264,1265,1266,1267,1268,1269,1270,1271,1272,1273,1274,1275,1276,1277,1278,1279,1280,1281,1282,1283,1284,1285,1286,1287,1288,1289,1290,1291,1292,1293,1294,1295,1296,1297,1298,1299,1300,1301],"data":[[84.1532391946],[83.8163369233],[83.3657693146],[82.7119958844],[82.3035499617],[82.7715546836],[82.5579487241],[82.5233002289],[82.3196723338],[80.08824224],[80.0410236566],[79.2650114389],[81.3139051865],[80.8959159275],[80.7507748736],[79.6031862557],[78.7460674732],[78.290776075],[78.7070416943],[78.8474177483],[79.2236938642],[77.367544337],[76.445800451],[76.1685275981],[78.3856330344],[78.0195832006],[78.3821843373],[77.7252643469],[76.8688093112],[75.5689315591],[76.7471224871],[76.8860602942],[77.3558243952],[76.1920429317],[75.6676567389],[75.1662586411],[77.5671075818],[77.1926760251],[77.0610862274],[76.2227911876],[75.5342821358],[75.2123418149],[75.5845410594],[75.6588456811],[75.8410201327],[74.0188189133],[73.5257330043],[73.0046256469],[75.2049795821],[74.8173139338],[74.8645035194],[73.9775742746],[73.1632798915],[72.4274287509],[73.1160457884],[73.2392023288],[73.6012465467],[72.011269551],[71.3456101021],[70.9233767848],[73.2046150435],[72.8299882964],[72.9290746487],[72.1465908343],[71.3632675931],[70.5696659943],[71.3243551166],[71.435260645],[71.7708237122],[70.2544498521],[69.7060347039],[69.2172943987],[71.5133437412],[71.1339390681],[71.1271157655],[70.2848195547],[69.5255687354],[68.930526059],[69.517037142],[69.6187599133],[69.9065898411],[68.2480168414],[67.6767520858],[67.2006047861],[69.455217313],[69.074488937],[69.1273476675],[68.2905487654],[67.5016770295],[66.7798965215],[67.4673122248],[67.5804982289],[67.9139493237],[66.3340349249],[65.735833568],[65.2752415118],[67.5552667786],[67.1773215865],[67.2253301557],[66.4068770798],[65.6311090243],[64.9295188306],[65.6046483273],[65.7127132206],[66.0299835572],[64.4446583135],[63.875169777],[63.3982227942],[65.6748088986],[65.2952802827],[65.3245082379],[64.4902782206],[63.7158358093],[63.0467340734],[63.6931653377],[63.8007545938],[64.1129924757],[62.5021814769],[61.921343322],[61.4507815116],[63.7203977911],[63.3410078804],[63.3860948179],[62.5567702921],[61.7764175659],[61.0754514717],[61.7479465953],[61.8578139632],[62.17988813],[60.5901585612],[60.0070245572],[59.5378299786],[61.8139471987],[61.4350480624],[61.4753314139],[60.6482631618],[59.8718305962],[59.1824855351],[59.8462724407],[59.9546155323],[60.2712265792],[58.6753070172],[58.0981500209],[57.6255363241],[59.8994108584],[59.5200928053],[59.5580129108],[58.7274165064],[57.9502725702],[57.2642036412],[57.9247147866],[58.0333419875],[58.3503438356],[56.7511367112],[56.17037394],[55.699802673],[57.9729129657],[57.5937237963],[57.635213756],[56.8064075153],[56.0283235953],[55.3354430221],[56.0016719959],[56.1106590794],[56.4294197927],[54.834993919],[54.2546824836],[53.7838681584],[56.0583916617],[55.6792634254],[55.71897221],[54.8901524085],[54.1130381719],[53.4240192263],[54.0872040375],[54.1958154551],[54.5131147373],[52.9163492043],[52.3370540957],[51.8656546763],[54.1394087478],[53.7601865793],[53.79988655],[52.9704048162],[52.192918653],[51.5035704687],[52.166884124],[52.2756412359],[52.5933725891],[50.9965609114],[50.4163366777],[49.9454658537],[52.2192645078],[51.840089676],[51.880464929],[51.0514830669],[50.2739108697],[49.5833590406],[50.2477192363],[50.3565084784],[50.6744655223],[49.0785666988],[48.4986554144],[48.0276091341],[50.301663326],[49.9224883754],[49.9623621777],[49.1332551766],[48.3558869178],[47.666358392],[48.3298879494],[48.4385984779],[48.7562246132],[47.1596607739],[46.5798643813],[46.1087508041],[48.3825972495],[48.0034046164],[48.0433997262],[47.2141986006],[46.4367102011],[45.7468686533],[46.4106262003],[46.5193835031],[46.8371722563],[45.240762796],[44.6607630358],[44.189765632],[46.4636714288],[46.0844920576],[46.1245847487],[45.2955009593],[44.5180257993],[43.8280340573],[44.4919330276],[44.6006849185],[44.9184763489],[43.3222011557],[42.7423102756],[42.2712512994],[44.545190725],[44.1660080792],[44.2059822887],[43.3768461294],[42.5994061768],[41.9096442175],[42.5733518843],[42.6820902603],[42.999818639],[41.4033851266],[40.8234892097],[40.3524326434],[42.6263246503],[42.2471394734],[42.2871656111],[41.4580245465],[40.6805533067],[39.990675976],[40.6544735446],[40.7632240545],[41.0809985579],[39.4846329789],[38.9046999508],[38.4336646988],[40.7075795253],[40.3283974696],[40.3684292728],[39.5393115357],[38.7618504648],[38.0719731061],[38.7357752947],[38.8445218085],[39.1622855057],[37.5659285846],[36.9860251873],[36.5149730985],[38.7888886699],[38.4097052314],[38.4497133048],[37.6205799724],[36.8431230464],[36.1532890217],[36.8170540057],[36.9257989512],[37.2435534096],[35.6471645131],[35.0672528998],[34.5962053943],[36.8701118418],[36.4909282652],[36.5309519492],[35.7018215163],[34.9243576744],[34.2344912689],[34.8982823281],[35.0070299461],[35.3247953673],[33.7284271213],[33.1485105252],[32.6774659147],[34.9513789025],[34.5721959483],[34.6122168724],[33.783090127],[33.0056298985],[32.3157714284],[32.9795569644],[33.0883031735],[33.4060638687],[31.8096921912],[31.2297824041],[30.758733909],[33.0326454334],[32.6534620658],[32.6934791922],[31.864348602],[31.0868882689],[30.3970360238],[31.060815899],[31.169562158],[31.48732227],[29.8909454048],[29.3110323988],[28.8399857205],[31.1138958834],[30.7347125911],[30.7747335924],[29.9456044917],[29.1681428802],[28.4782830029],[29.142069183],[29.2508159337],[29.5685782558],[27.9722065566],[27.3922934004],[26.9212468225],[29.1951585524],[28.8159753591],[28.8559948897],[28.026866119],[27.2494055024],[26.559548993],[27.2233325855],[27.3320789499],[27.649839839],[26.0534662259],[25.4735543904],[25.0025070554],[27.2764181251],[26.8972348296],[26.9372540048],[26.1081244282],[25.3306635479],[24.6408073863],[25.304590546],[25.4133370145],[25.7310981451],[24.1347240232],[23.5548112568],[23.0837644501],[25.357675425],[24.9784921687],[25.0185121617],[24.1893830636],[23.4119220069]]}