{"columns":["predicted_mean"],"index":[937,938,939,940,941,942,943,944,945,946,947,948,949,950,951,952,953,954,955,956,957,958,959,960,961,962,963,964,965,966,967,968,969,970,971,972,973,974,975,976,977,978,979,980,981,982,983,984,985,986,987,988,989,990,991,992,993,994,995,996,997,998,999,1000,1001,1002,1003,1004,1005,1006,1007,1008,1009,1010,1011,1012,1013,1014,1015,1016,1017,1018,1019,1020,1021,1022,1023,1024,1025,1026,1027,1028,1029,1030,1031,1032,1033,1034,1035,1036,1037,1038,1039,1040,1041,1042,1043,1044,1045,1046,1047,1048,1049,1050,1051,1052,1053,1054,1055,1056,1057,1058,1059,1060,1061,1062,1063,1064,1065,1066,1067,1068,1069,1070,1071,1072,1073,1074,1075,1076,1077,1078,1079,1080,1081,1082,1083,1084,1085,1086,1087,1088,1089,1090,1091,1092,1093,1094,1095,1096,1097,1098,1099,1100,1101,1102,1103,1104,1105,1106,1107,1108,1109,1110,1111,1112,1113,1114,1115,1116,1117,1118,1119,1120,1121,1122,1123,1124,1125,1126,1127,1128,1129,1130,1131,1132,1133,1134,1135,1136,1137,1138,1139,1140,1141,1142,1143,1144,1145,1146,1147,1148,1149,1150,1151,1152,1153,1154,1155,1156,1157,1158,1159,1160,1161,1162,1163,1164,1165,1166,1167,1168,1169,1170,1171,1172,1173,1174,1175,1176,1177,1178,1179,1180,1181,1182,1183,1184,1185,1186,1187,1188,1189,1190,1191,1192,1193,1194,1195,1196,1197,1198,1199,1200,1201,1202,1203,1204,1205,1206,1207,1208,1209,1210,1211,1212,1213,1214,1215,1216,1217,1218,1219,1220,1221,1222,1223,1224,1225,1226,1227,1228,1229,1230,1231,1232,1233,1234,1235,1236,1237,1238,1239,1240,1241,1242,1243,1244,1245,1246,1247,1248,1249,1250,1251,1252,1253,1254,1255,1256,1257,1258,1259,1260,1261,1262,1263,1264,1265,1266,1267,1268,1269,1270,1271,1272,1273,1274,1275,1276,1277,1278,1279,1280,1281,1282,1283,1284,1285,1286,1287,1288,1289,1290,1291,1292,1293,1294,1295,1296,1297,1298,1299,1300,1301],"data":[[84.1532392444],[83.8163369839],[83.3657694523],[82.7119961172],[82.3035502064],[82.7715548109],[82.5579489626],[82.5233004626],[82.319672568],[80.0882425805],[80.0410240866],[79.2650118183],[81.3139056048],[80.8959163458],[80.7507752153],[79.6031865781],[78.7460678268],[78.290776585],[78.7070420773],[78.8474181193],[79.2236941847],[77.3675445558],[76.4458006873],[76.1685278242],[78.3856332503],[78.0195834186],[78.3821846075],[77.7252646443],[76.8688095953],[75.5689317441],[76.7471227556],[76.8860605677],[77.3558246938],[76.1920433003],[75.6676571155],[75.1662590134],[77.5671080035],[77.1926764539],[77.0610866738],[76.2227916882],[75.5342826576],[75.2123423269],[75.5845415898],[75.6588462031],[75.8410206334],[74.01881944],[73.5257335972],[73.0046262022],[75.2049801612],[74.8173145142],[74.8645040759],[73.9775748349],[73.1632804671],[72.4274293807],[73.1160463763],[73.2392029107],[73.6012471063],[72.0112700793],[71.3456106497],[70.9233773214],[73.2046155934],[72.8299888499],[72.9290752351],[72.1465914545],[71.3632682144],[70.569666562],[71.3243557333],[71.4352612611],[71.7708243331],[70.2544505179],[69.7060353983],[69.2172950769],[71.5133444555],[71.133939787],[71.1271164881],[70.2848203105],[69.5255695081],[68.9305268414],[69.5170379233],[69.618760688],[69.9065905968],[68.2480176035],[67.6767528928],[67.2006055676],[69.4552181162],[69.0744897429],[69.1273484745],[68.2905495918],[67.5016778662],[66.7798973659],[67.467313067],[67.580499067],[67.9139501499],[66.3340357536],[65.7358344233],[65.275242352],[67.5552676415],[67.1773224533],[67.2253310396],[66.4068779949],[65.6311099477],[64.9295197332],[65.6046492524],[65.7127141425],[66.0299844725],[64.444659253],[63.8751707505],[63.3982237484],[65.6748098815],[65.2952812694],[65.3245092294],[64.4902792399],[63.7158368417],[63.0467351098],[63.6931663764],[63.8007556274],[64.1129934949],[62.502182504],[61.9213443854],[61.4507825544],[63.7203988572],[63.3410089498],[63.3860958951],[62.5567713945],[61.7764186784],[61.0754525806],[61.747947712],[61.8578150759],[62.1798892324],[60.5901596751],[60.0070257022],[59.537831106],[61.813948351],[61.4350492185],[61.4753325809],[60.6482643575],[59.8718318024],[59.1824867328],[59.8462736507],[59.9546167383],[60.271227775],[58.6753082288],[58.0981512668],[57.6255375506],[59.8994121109],[59.5200940614],[59.5580141739],[58.7274177966],[57.9502738718],[57.2642049417],[57.9247160933],[58.0333432898],[58.3503451258],[56.7511380121],[56.1703752749],[55.6998039886],[57.9729143058],[57.5937251398],[57.6352151083],[56.8064088945],[56.0283249851],[55.3354444068],[56.0016733899],[56.1106604693],[56.4294211719],[54.8349953113],[54.2546839087],[53.7838695648],[56.0583930934],[55.6792648608],[55.7189736544],[54.8901538807],[54.1130396549],[53.4240207042],[54.0872055249],[54.1958169382],[54.5131162095],[52.9163506898],[52.3370556151],[51.8656561764],[54.1394102733],[53.7601881084],[53.7998880871],[52.9704063805],[52.1929202282],[51.5035720406],[52.1668857039],[52.2756428115],[52.5933741534],[50.9965624878],[50.4163382876],[49.9454674446],[52.2192661236],[51.8400912954],[51.8804665571],[51.0514847224],[50.2739125358],[49.583360702],[50.2477209068],[50.3565101447],[50.6744671777],[49.0785683672],[48.4986571161],[48.0276108169],[50.301665034],[49.922490087],[49.962363898],[49.1332569242],[48.3558886763],[47.6663601462],[48.3298897124],[48.4386002366],[48.7562263609],[47.1596625344],[46.5798661754],[46.1087525791],[48.3825990496],[48.0034064201],[48.0434015384],[47.21420044],[46.4367120514],[45.7468704995],[46.4106280551],[46.5193853537],[46.8371740957],[45.240764648],[44.6607649213],[44.1897674985],[46.4636733204],[46.0844939527],[46.1245866525],[45.2955028904],[44.5180277412],[43.8280359948],[44.491934974],[44.6006868606],[44.91847828],[43.3222030996],[42.742312253],[42.2712532577],[44.5451927086],[44.1660100664],[44.2059842844],[43.3768481525],[42.5994082107],[41.9096462472],[42.5733539227],[42.6820922944],[42.9998206621],[41.4033871623],[40.823491279],[40.3524346937],[42.6263267257],[42.2471415524],[42.2871676987],[41.4580266614],[40.6805554324],[39.9906780974],[40.6544756748],[40.7632261804],[41.0810006728],[39.4846351064],[38.9047021119],[38.4336668408],[40.7075816924],[40.3283996404],[40.3684314522],[39.5393137423],[38.7618526822],[38.0719753192],[38.7357775166],[38.8445240262],[39.1622877124],[37.565930804],[36.9860274402],[36.5149753324],[38.788890929],[38.4097074941],[38.449715576],[37.6205822709],[36.8431253557],[36.1532913268],[36.8170563195],[36.9258012607],[37.2435557081],[35.6471668243],[35.0672552445],[34.59620772],[36.8701141927],[36.4909306196],[36.5309543122],[35.7018239066],[34.9243600755],[34.2344936658],[34.8982847337],[35.0070323475],[35.3247977576],[33.7284295243],[33.1485129617],[32.6774683322],[34.9513813451],[34.5721983945],[34.6122193272],[33.7830926091],[33.0056323914],[32.315773917],[32.9795594618],[33.0883056667],[33.4060663508],[31.809694686],[31.2297849325],[30.7587364183],[33.0326479679],[32.6534646038],[32.6934817389],[31.8643511759],[31.0868908537],[30.3970386043],[31.0608184883],[31.169564743],[31.487324844],[29.8909479915],[29.311035019],[28.8399883217],[31.1138985097],[30.734715221],[30.7747362308],[29.9456071575],[29.1681455568],[28.4782856753],[29.1420718641],[29.2508186105],[29.5685809216],[27.9722092351],[27.3922961124],[26.9212495154],[29.1951612706],[28.8159780808],[28.85599762],[28.0268688766],[27.2494082708],[26.5595517571],[27.2233353584],[27.3320817186],[27.6498425966],[26.0534689962],[25.4735571942],[25.0025098402],[27.2764209351],[26.8972376431],[26.9372568269],[26.1081272776],[25.3306664081],[24.6408102423],[25.3045934108],[25.413339875],[25.7311009945],[24.1347268853],[23.5548141525],[23.0837673267],[25.3576783267],[24.978495074],[25.0185150756],[24.1893860048],[23.4119249589]]}