{"columns":["predicted_mean"],"index":[901,902,903,904,905,906,907,908,909,910,911,912,913,914,915,916,917,918,919,920,921,922,923,924,925,926,927,928,929,930,931,932,933,934,935,936,937,938,939,940,941,942,943,944,945,946,947,948,949,950,951,952,953,954,955,956,957,958,959,960,961,962,963,964,965,966,967,968,969,970,971,972,973,974,975,976,977,978,979,980,981,982,983,984,985,986,987,988,989,990,991,992,993,994,995,996,997,998,999,1000,1001,1002,1003,1004,1005,1006,1007,1008,1009,1010,1011,1012,1013,1014,1015,1016,1017,1018,1019,1020,1021,1022,1023,1024,1025,1026,1027,1028,1029,1030,1031,1032,1033,1034,1035,1036,1037,1038,1039,1040,1041,1042,1043,1044,1045,1046,1047,1048,1049,1050,1051,1052,1053,1054,1055,1056,1057,1058,1059,1060,1061,1062,1063,1064,1065,1066,1067,1068,1069,1070,1071,1072,1073,1074,1075,1076,1077,1078,1079,1080,1081,1082,1083,1084,1085,1086,1087,1088,1089,1090,1091,1092,1093,1094,1095,1096,1097,1098,1099,1100,1101,1102,1103,1104,1105,1106,1107,1108,1109,1110,1111,1112,1113,1114,1115,1116,1117,1118,1119,1120,1121,1122,1123,1124,1125,1126,1127,1128,1129,1130,1131,1132,1133,1134,1135,1136,1137,1138,1139,1140,1141,1142,1143,1144,1145,1146,1147,1148,1149,1150,1151,1152,1153,1154,1155,1156,1157,1158,1159,1160,1161,1162,1163,1164,1165,1166,1167,1168,1169,1170,1171,1172,1173,1174,1175,1176,1177,1178,1179,1180,1181,1182,1183,1184,1185,1186,1187,1188,1189,1190,1191,1192,1193,1194,1195,1196,1197,1198,1199,1200,1201,1202,1203,1204,1205,1206,1207,1208,1209,1210,1211,1212,1213,1214,1215,1216,1217,1218,1219,1220,1221,1222,1223,1224,1225,1226,1227,1228,1229,1230,1231,1232,1233,1234,1235,1236,1237,1238,1239,1240,1241,1242,1243,1244,1245,1246,1247,1248,1249,1250,1251,1252,1253,1254,1255,1256,1257,1258,1259,1260,1261,1262,1263,1264,1265],"data":[[8256.6615995559],[8311.2830163425],[8261.9507100054],[8248.3531530219],[8290.0756348449],[8286.0523789674],[8227.1204699107],[8244.1954101059],[8303.4853421101],[8304.8761548025],[8281.0206150429],[8259.1714469467],[8224.4906453337],[8266.5217483304],[8197.5398391343],[8205.0110973768],[8270.3020390645],[8282.3624770477],[8225.5509609019],[8239.5904178356],[8317.2461952797],[8326.3696505129],[8303.567014869],[8287.3079954211],[8241.3645153008],[8272.3867233423],[8190.7864216977],[8227.3532077007],[8281.7344285633],[8291.3389071816],[8233.1533263861],[8255.8082467393],[8356.3442296526],[8362.0694672668],[8311.6732572101],[8314.4264972375],[8268.5274870231],[8308.583135957],[8239.4137645743],[8249.7717161532],[8301.7091835138],[8306.2272143505],[8246.9211544766],[8264.1041769659],[8343.5658706298],[8347.8218564153],[8312.997504869],[8301.4005965979],[8258.2915337725],[8295.611434454],[8222.2030590952],[8238.4538426513],[8294.7910491579],[8302.6208819965],[8243.8884803304],[8261.0980519545],[8345.5303917348],[8351.335043358],[8315.5268434533],[8306.134477827],[8260.934286032],[8296.646969427],[8221.469876932],[8242.3313298104],[8296.4899504874],[8303.6841626239],[8244.7198694094],[8263.4625282705],[8351.4886292059],[8356.6238461736],[8316.1711013529],[8309.9193826539],[8264.9294989013],[8302.3628343148],[8229.5037405402],[8245.4974926313],[8299.4357803953],[8305.8274471155],[8246.7110422542],[8264.4067618637],[8348.5253192753],[8353.4792730077],[8316.1058542307],[8307.1401018908],[8262.6298283016],[8299.4662770313],[8225.7017551994],[8243.1171120792],[8297.843984425],[8304.8826050113],[8245.8874014474],[8263.6813323045],[8348.9814035976],[8354.2253589445],[8316.4415253018],[8308.0820421398],[8263.1787429296],[8299.7920032648],[8225.8008715347],[8243.9028817433],[8298.1951569777],[8305.0765954846],[8246.0359541153],[8264.0906667334],[8349.9196535133],[8355.0282336181],[8316.4790790665],[8308.6159455135],[8263.7835038166],[8300.7144477057],[8227.1442055444],[8244.3530120163],[8298.6444682825],[8305.4020915267],[8246.3407671514],[8264.1955370346],[8349.309082782],[8354.3988394591],[8316.4443351869],[8308.0740883858],[8263.3199898791],[8300.123487743],[8226.3641469185],[8243.8913445326],[8298.3199482563],[8305.2001190907],[8246.1622212549],[8264.0508384831],[8349.4267092857],[8354.5687234321],[8316.4960973812],[8308.2719584759],[8263.4442621879],[8300.2200238459],[8226.4372897896],[8244.0578082074],[8298.4007665156],[8305.2443254425],[8246.1970651075],[8264.1283127619],[8349.5746633807],[8354.6893990471],[8316.4944678909],[8308.3444926299],[8263.5352017174],[8300.3682620773],[8226.6602762152],[8244.1192960566],[8298.4691997763],[8305.2945100879],[8246.2445957174],[8264.1380466917],[8349.4553654976],[8354.5691817117],[8316.4868723594],[8308.2435020232],[8263.4463580471],[8300.2529025885],[8226.5063462272],[8244.0334248693],[8298.4065235666],[8305.2545334936],[8246.2089476346],[8264.1113529729],[8349.4844114193],[8354.6073797244],[8316.4956599995],[8308.2850857402],[8263.4743061341],[8300.2782436272],[8226.5307983249],[8244.0685392865],[8298.4250212536],[8305.264915752],[8246.2173961672],[8264.1264675459],[8349.5072272607],[8354.624774853],[8316.4943374077],[8308.293944037],[8263.4874608092],[8300.3015180668],[8226.5670647913],[8244.0760868385],[8298.4351223261],[8305.2725354852],[8246.2247272725],[8264.1267501152],[8349.484628782],[8354.6024655951],[8316.492986653],[8308.2756615246],[8263.470937852],[8300.2796111721],[8226.5374611722],[8244.0605525116],[8298.4233928413],[8305.2649305913],[8246.2178987876],[8264.1220408328],[8349.4913898034],[8354.6107879519],[8316.4945481535],[8308.2842526337],[8263.4770374819],[8300.2856983457],[8226.5440185739],[8244.0678198811],[8298.427488395],[8305.2672957871],[8246.2198702698],[8264.124994644],[8349.494750958],[8354.6130897589],[8316.4941658573],[8308.2850630978],[8263.4787920598],[8300.2892023455],[8226.5497287786],[8244.0685170773],[8298.4288832703],[8305.2684030251],[8246.2209605687],[8264.1247902063],[8349.4905651687],[8354.6090401958],[8316.4939511402],[8308.2818304693],[8263.4757878398],[8300.2851285411],[8226.5441493208],[8244.0657707163],[8298.4267380321],[8305.2669934606],[8246.2196868937],[8264.1239871343],[8349.4920632656],[8354.6107972331],[8316.4942325475],[8308.2835688131],[8263.4770780561],[8300.2865031086],[8226.5457266742],[8244.0672426001],[8298.4276142403],[8305.2675119465],[8246.2201266927],[8264.1245587813],[8349.49251999],[8354.6110504176],[8316.4941415004],[8308.2835664079],[8263.4772748737],[8300.2869952376],[8226.5465834078],[8244.0672426489],[8298.4277828286],[8305.2676598153],[8246.2202780759],[8264.1244761448],[8349.4917594715],[8354.6103298942],[8316.4941107286],[8308.283007636],[8263.4767395392],[8300.2862515444],[8226.5455504979],[8244.0667678491],[8298.4273982578],[8305.2674039459],[8246.2200454224],[8264.1243436202],[8349.4920788169],[8354.6106907477],[8316.4941613234],[8308.2833522919],[8263.4770049828],[8300.2865483643],[8226.5459056509],[8244.0670598472],[8298.4275801863],[8305.2675137767],[8246.220139819],[8264.1244527245],[8349.4921316888],[8354.6107051569],[8316.4941413293],[8308.2833239162],[8263.4770173907],[8300.2866092296],[8226.5460247616],[8244.0670361834],[8298.4275944933],[8305.2675303258],[8246.2201582267],[8264.1244295602],[8349.4919960526],[8354.6105795303],[8316.4941375404],[8308.2832296696],[8263.4769239088],[8300.286475883],[8226.5458368042],[8244.0669560716],[8298.4275269005],[8305.2674847715],[8246.2201165336],[8264.1244085038],[8349.4920620604],[8354.6106518993],[8316.4941465402],[8308.2832967194],[8263.4769772265],[8300.2865378311],[8226.5459132239],[8244.0670129017],[8298.4275637244],[8305.2675073764],[8246.2201361648],[8264.1244290123],[8349.4920658482],[8354.6106485368],[8316.4941423467],[8308.2832864026],[8263.476975057],[8300.2865433315],[8226.5459276129],[8244.0670042256],[8298.4275632154],[8305.2675084009],[8246.2201377504],[8264.1244233521],[8349.492042122],[8354.6106271151],[8316.4941420231],[8308.2832709589],[8263.4769590892],[8300.286519865],[8226.5458940041],[8244.0669910912],[8298.4275515841],[8305.2675004505],[8246.2201304216],[8264.1244201696],[8349.4920554239],[8354.6106413295],[8316.4941435994],