{"columns":["predicted_mean"],"index":[901,902,903,904,905,906,907,908,909,910,911,912,913,914,915,916,917,918,919,920,921,922,923,924,925,926,927,928,929,930,931,932,933,934,935,936,937,938,939,940,941,942,943,944,945,946,947,948,949,950,951,952,953,954,955,956,957,958,959,960,961,962,963,964,965,966,967,968,969,970,971,972,973,974,975,976,977,978,979,980,981,982,983,984,985,986,987,988,989,990,991,992,993,994,995,996,997,998,999,1000,1001,1002,1003,1004,1005,1006,1007,1008,1009,1010,1011,1012,1013,1014,1015,1016,1017,1018,1019,1020,1021,1022,1023,1024,1025,1026,1027,1028,1029,1030,1031,1032,1033,1034,1035,1036,1037,1038,1039,1040,1041,1042,1043,1044,1045,1046,1047,1048,1049,1050,1051,1052,1053,1054,1055,1056,1057,1058,1059,1060,1061,1062,1063,1064,1065,1066,1067,1068,1069,1070,1071,1072,1073,1074,1075,1076,1077,1078,1079,1080,1081,1082,1083,1084,1085,1086,1087,1088,1089,1090,1091,1092,1093,1094,1095,1096,1097,1098,1099,1100,1101,1102,1103,1104,1105,1106,1107,1108,1109,1110,1111,1112,1113,1114,1115,1116,1117,1118,1119,1120,1121,1122,1123,1124,1125,1126,1127,1128,1129,1130,1131,1132,1133,1134,1135,1136,1137,1138,1139,1140,1141,1142,1143,1144,1145,1146,1147,1148,1149,1150,1151,1152,1153,1154,1155,1156,1157,1158,1159,1160,1161,1162,1163,1164,1165,1166,1167,1168,1169,1170,1171,1172,1173,1174,1175,1176,1177,1178,1179,1180,1181,1182,1183,1184,1185,1186,1187,1188,1189,1190,1191,1192,1193,1194,1195,1196,1197,1198,1199,1200,1201,1202,1203,1204,1205,1206,1207,1208,1209,1210,1211,1212,1213,1214,1215,1216,1217,1218,1219,1220,1221,1222,1223,1224,1225,1226,1227,1228,1229,1230,1231,1232,1233,1234,1235,1236,1237,1238,1239,1240,1241,1242,1243,1244,1245,1246,1247,1248,1249,1250,1251,1252,1253,1254,1255,1256,1257,1258,1259,1260,1261,1262,1263,1264,1265],"data":[[8256.6615995117],[8311.2830158723],[8261.9507090092],[8248.3531524924],[8290.0756344639],[8286.052378717],[8227.1204696093],[8244.195409781],[8303.4853422138],[8304.8761549462],[8281.0206149139],[8259.1714470473],[8224.4906452327],[8266.5217479713],[8197.5398384909],[8205.0110970891],[8270.3020386499],[8282.3624766009],[8225.5509604073],[8239.5904174116],[8317.2461951676],[8326.369650362],[8303.5670143646],[8287.3079951615],[8241.3645149891],[8272.3867229278],[8190.7864211778],[8227.3532071404],[8281.7344280163],[8291.3389066314],[8233.1533258073],[8255.8082461173],[8356.3442290295],[8362.0694666486],[8311.6732566093],[8314.4264966244],[8268.5274863539],[8308.5831349955],[8239.413763256],[8249.7717152153],[8301.7091826507],[8306.2272135751],[8246.9211536791],[8264.1041761916],[8343.5658702016],[8347.8218560192],[8312.997504244],[8301.4005961852],[8258.2915332399],[8295.6114336974],[8222.2030580831],[8238.4538419227],[8294.7910483964],[8302.6208812499],[8243.8884795553],[8261.0980512198],[8345.5303912595],[8351.3350428801],[8315.5268427447],[8306.1344773044],[8260.9342854439],[8296.6469686605],[8221.469875961],[8242.3313289935],[8296.4899496931],[8303.684161859],[8244.7198686216],[8263.4625274814],[8351.488628575],[8356.6238455568],[8316.1711006316],[8309.9193820317],[8264.9294982081],[8302.3628333859],[8229.5037393308],[8245.4974917168],[8299.4357795149],[8305.8274462901],[8246.7110414086],[8264.4067610431],[8348.5253187275],[8353.4792724804],[8316.1058535115],[8307.1401013479],[8262.6298276702],[8299.466276186],[8225.7017541059],[8243.11711124],[8297.8439835901],[8304.8826042091],[8245.887400622],[8263.6813315049],[8348.981403036],[8354.225358393],[8316.4415245664],[8308.0820415653],[8263.1787422819],[8299.7920024129],[8225.8008704448],[8243.9028808777],[8298.1951561329],[8305.0765946779],[8246.0359532871],[8264.09066592],[8349.9196529145],[8355.0282330346],[8316.4790783308],[8308.6159449175],[8263.7835031447],[8300.714446815],[8227.1442043964],[8244.3530111301],[8298.6444674183],[8305.4020907063],[8246.3407663102],[8264.1955362158],[8349.3090822082],[8354.3988389016],[8316.4443344527],[8308.0740878124],[8263.3199892258],[8300.1234868771],[8226.3641458044],[8243.8913436671],[8298.3199474057],[8305.2001182782],[8246.1622204206],[8264.0508376706],[8349.4267087073],[8354.5687228674],[8316.4960966438],[8308.2719578937],[8263.4442615296],[8300.2200229767],[8226.4372886737],[8244.0578073344],[8298.4007656618],[8305.2443246285],[8246.1970642721],[8264.128311946],[8349.5746627943],[8354.6893984758],[8316.4944671538],[8308.3444920436],[8263.5352010541],[8300.3682611996],[8226.6602750866],[8244.1192951797],[8298.4691989186],[8305.294509271],[8246.2445948793],[8264.138045875],[8349.4553649177],[8354.569181147],[8316.4868716228],[8308.2435014425],[8263.4463573886],[8300.2529017172],[8226.5063451072],[8244.0334239974],[8298.4065227123],[8305.2545326788],[8246.2089467984],[8264.1113521577],[8349.4844108378],[8354.6073791576],[8316.4956592622],[8308.2850851571],[8263.4743054741],[8300.2782427547],[8226.5307972038],[8244.0685384126],[8298.4250203983],[8305.2649149368],[8246.2173953306],[8264.1264667298],[8349.5072266777],[8354.624774285],[8316.4943366706],[8308.2939434532],[8263.4874601483],[8300.3015171926],[8226.5670636676],[8244.076085964],[8298.4351214701],[8305.2725346694],[8246.2247264354],[8264.126749299],[8349.4846282005],[8354.6024650286],[8316.4929859159],[8308.275660942],[8263.4709371922],[8300.2796102994],[8226.5374600505],[8244.0605516381],[8298.4233919861],[8305.2649297761],[8246.2178979509],[8264.122040017],[8349.4913892214],[8354.6107873848],[8316.4945474164],[8308.2842520505],[8263.4770368217],[8300.2856974727],[8226.5440174519],[8244.0678190071],[8298.4274875395],[8305.2672949717],[8246.219869433],[8264.124993828],[8349.4947503758],[8354.6130891916],[8316.4941651202],[8308.2850625146],[8263.4787913994],[8300.2892014721],[8226.549727656],[8244.0685162032],[8298.4288824147],[8305.2684022096],[8246.2209597318],[8264.1247893903],[8349.4905645868],[8354.6090396288],[8316.4939504031],[8308.2818298863],[8263.4757871796],[8300.2851276681],[8226.5441481987],[8244.0657698425],[8298.4267371767],[8305.2669926452],[8246.219686057],[8264.1239863184],[8349.4920626836],[8354.610796666],[8316.4942318103],[8308.28356823],[8263.4770773958],[8300.2865022355],[8226.545725552],[8244.0672417262],[8298.4276133849],[8305.2675111311],[8246.220125856],[8264.1245579653],[8349.492519408],[8354.6110498504],[8316.4941407632],[8308.2835658248],[8263.4772742135],[8300.2869943644],[8226.5465822855],[8244.067241775],[8298.4277819731],[8305.2676589998],[8246.2202772391],[8264.1244753288],[8349.4917588896],[8354.6103293271],[8316.4941099915],[8308.283007053],[8263.4767388789],[8300.2862506713],[8226.5455493757],[8244.0667669752],[8298.4273974023],[8305.2674031305],[8246.2200445856],[8264.1243428042],[8349.4920782348],[8354.6106901806],[8316.4941605863],[8308.2833517088],[8263.4770043226],[8300.2865474911],[8226.5459045286],[8244.0670589733],[8298.4275793308],[8305.2675129613],[8246.2201389822],[8264.1244519085],[8349.4921311068],[8354.6107045898],[8316.4941405921],[8308.2833233331],[8263.4770167305],[8300.2866083565],[8226.5460236394],[8244.0670353095],[8298.4275936378],[8305.2675295103],[8246.2201573899],[8264.1244287442],[8349.4919954706],[8354.6105789633],[8316.4941368033],[8308.2832290866],[8263.4769232486],[8300.2864750099],[8226.5458356819],[8244.0669551977],[8298.427526045],[8305.2674839561],[8246.2201156968],[8264.1244076879],[8349.4920614784],[8354.6106513322],[8316.494145803],[8308.2832961364],[8263.4769765662],[8300.286536958],[8226.5459121017],[8244.0670120278],[8298.4275628689],[8305.2675065609],[8246.220135328],[8264.1244281963],[8349.4920652662],[8354.6106479697],[8316.4941416096],[8308.2832858196],[8263.4769743967],[8300.2865424584],[8226.5459264907],[8244.0670033517],[8298.4275623599],[8305.2675075855],[8246.2201369136],[8264.1244225361],[8349.49204154],[8354.610626548],[8316.494141286],[8308.2832703759],[8263.476958429],[8300.2865189919],[8226.5458928819],[8244.0669902173],[8298.4275507286],[8305.2674996351],[8246.2201295848],[8264.1244193536],[8349.4920548418],[8354.6106407624],[8316.4941428622],[8308.2832831909],