{"columns":["predicted_mean"],"index":[934,935,936,937,938,939,940,941,942,943,944,945,946,947,948,949,950,951,952,953,954,955,956,957,958,959,960,961,962,963,964,965,966,967,968,969,970,971,972,973,974,975,976,977,978,979,980,981,982,983,984,985,986,987,988,989,990,991,992,993,994,995,996,997,998,999,1000,1001,1002,1003,1004,1005,1006,1007,1008,1009,1010,1011,1012,1013,1014,1015,1016,1017,1018,1019,1020,1021,1022,1023,1024,1025,1026,1027,1028,1029,1030,1031,1032,1033,1034,1035,1036,1037,1038,1039,1040,1041,1042,1043,1044,1045,1046,1047,1048,1049,1050,1051,1052,1053,1054,1055,1056,1057,1058,1059,1060,1061,1062,1063,1064,1065,1066,1067,1068,1069,1070,1071,1072,1073,1074,1075,1076,1077,1078,1079,1080,1081,1082,1083,1084,1085,1086,1087,1088,1089,1090,1091,1092,1093,1094,1095,1096,1097,1098,1099,1100,1101,1102,1103,1104,1105,1106,1107,1108,1109,1110,1111,1112,1113,1114,1115,1116,1117,1118,1119,1120,1121,1122,1123,1124,1125,1126,1127,1128,1129,1130,1131,1132,1133,1134,1135,1136,1137,1138,1139,1140,1141,1142,1143,1144,1145,1146,1147,1148,1149,1150,1151,1152,1153,1154,1155,1156,1157,1158,1159,1160,1161,1162,1163,1164,1165,1166,1167,1168,1169,1170,1171,1172,1173,1174,1175,1176,1177,1178,1179,1180,1181,1182,1183,1184,1185,1186,1187,1188,1189,1190,1191,1192,1193,1194,1195,1196,1197,1198,1199,1200,1201,1202,1203,1204,1205,1206,1207,1208,1209,1210,1211,1212,1213,1214,1215,1216,1217,1218,1219,1220,1221,1222,1223,1224,1225,1226,1227,1228,1229,1230,1231,1232,1233,1234,1235,1236,1237,1238,1239,1240,1241,1242,1243,1244,1245,1246,1247,1248,1249,1250,1251,1252,1253,1254,1255,1256,1257,1258,1259,1260,1261,1262,1263,1264,1265,1266,1267,1268,1269,1270,1271,1272,1273,1274,1275,1276,1277,1278,1279,1280,1281,1282,1283,1284,1285,1286,1287,1288,1289,1290,1291,1292,1293,1294,1295,1296,1297,1298],"data":[[2009.4972799927],[2002.9237239047],[1999.0965431594],[2006.7065595973],[2008.7242716148],[2025.8232415816],[2025.48496197],[2019.0024099559],[2017.5943836752],[2015.4970270702],[2011.4056821884],[2011.7631897734],[2015.1423578395],[2010.6215095252],[2007.477702787],[2010.3326478621],[2010.8785247973],[2022.7452913901],[2022.5921778382],[2016.4920778353],[2013.8781829442],[2013.1502066173],[2002.4674364258],[2003.4408628224],[2001.2814668264],[1997.0978646753],[1997.4341775124],[2008.5353378142],[2006.6451017226],[2023.8966875137],[2021.3263827782],[2016.9169394203],[2018.9775680374],[2020.1105641073],[2013.3170678123],[2011.6760596069],[2018.3271938567],[2012.7567474318],[2010.0353531646],[2016.7764823901],[2016.7821378677],[2031.8755379802],[2030.6047206073],[2024.5694026874],[2023.5213402571],[2022.5703300119],[2015.227310558],[2014.9254742767],[2017.2271614322],[2012.2633092067],[2010.1641910557],[2016.6867271608],[2016.0606028659],[2030.4729828741],[2028.9964617923],[2023.2883184259],[2022.508382525],[2022.1562526591],[2013.60007521],[2013.1742735786],[2015.1108279265],[2010.0936687362],[2008.5528273354],[2016.7065424466],[2015.6966104864],[2031.2608479937],[2029.3335549372],[2023.8872283124],[2023.9620995929],[2023.8602689894],[2016.2564759993],[2015.3302180082],[2019.0377464172],[2013.748750755],[2011.507164499],[2018.5253415006],[2017.9413595802],[2032.8814903547],[2031.2757418493],[2025.4600404801],[2024.7763789524],[2024.2183214856],[2016.3397301973],[2015.7527083801],[2018.3061363411],[2013.1753455785],[2011.1676220593],[2018.3290923293],[2017.5445998643],[2032.4519432781],[2030.7469048125],[2025.0526795031],[2024.5448020833],[2024.1762933985],[2016.1030965965],[2015.4306959769],[2018.103712634],[2012.9321941156],[2010.9905218451],[2018.4429087423],[2017.6141111705],[2032.7487737845],[2030.9695462103],[2025.3031237597],[2024.9297655005],[2024.5755593404],[2016.7186239721],[2015.9605522857],[2018.9568363142],[2013.7369387472],[2011.6452396924],[2018.8248818288],[2018.0847867482],[2033.0574328726],[2031.351723816],[2025.6068143777],[2025.0610712382],[2024.6138385329],[2016.6652939649],[2015.9864692281],[2018.7015660915],[2013.5194022332],[2011.4974057481],[2018.7498213353],[2017.9544696783],[2032.9469377213],[2031.2083867425],[2025.4994145547],[2025.0160903203],[2024.620618681],[2016.6486432649],[2015.9389289522],[2018.7239785888],[2013.5267134692],[2011.5051008611],[2018.8013102501],[2018.0059378905],[2033.0387749777],[2031.2906453327],[2025.580430049],[2025.1122537659],[2024.7102842754],[2016.783941824],[2016.0621999083],[2018.898064088],[2013.6934301184],[2011.642013536],[2018.8771597561],[2018.0986914587],[2033.0926939101],[2031.3601502477],[2025.6344575147],[2025.1297242952],[2024.7103551911],[2016.7581108774],[2016.053559356],[2018.8256659726],[2013.6293578561],[2011.5963037763],[2018.8556957715],[2018.063340286],[2033.0675236406],[2031.3257110593],[2025.6094249638],[2025.1228325474],[2024.7163011912],[2016.7636587007],[2016.0499926289],[2018.8463315865],[2013.6455012717],[2011.609262079],[2018.872957567],[2018.0827908365],[2033.092994185],[2031.3507377624],[2025.6324907441],[2025.1456694304],[2024.7355833708],[2016.7918003001],[2016.0772126104],[2018.8792775132],[2013.6776694919],[2011.6360517002],[2018.8870073738],[2018.0996815926],[2033.1012025295],[2031.3619811135],[2025.6409644556],[2025.1469696753],[2024.7340140139],[2016.7836107269],[2016.0724676292],[2018.8610566104],[2013.6611438754],[2011.6239592311],[2018.8817406008],[2018.0911708198],[2033.0960920379],[2031.3544998282],[2025.635739208],[2025.1464502521],[2024.7364411521],[2016.7870350408],[2016.0734916798],[2018.8690457763],[2013.6679275801],[2011.6293382247],[2018.8867746663],[2018.0971469972],[2033.1026388868],[2031.3613302268],[2025.6417778315],[2025.1516231925],[2024.740397042],[2016.7925271626],[2016.0791847438],[2018.8746588086],[2013.6735700782],[2011.6341465632],[2018.8891339709],[2018.099882584],[2033.103564712],[2031.362782879],[2025.6428062894],[2025.1513809519],[2024.7397842174],[2016.7903478444],[2016.0776295567],[2018.8704726507],[2013.6696966633],[2011.6312665746],[2018.887987373],[2018.0980276068],[2033.102667607],[2031.3613234128],[2025.6418485312],[2025.1515463372],[2024.7405779031],[2016.7915913925],[2016.0782906277],[2018.8729288812],[2013.6718568839],[2011.6329774089],[2018.8893312108],[2018.0996678518],[2033.1042509936],[2031.3630505882],[2025.6433303692],[2025.1526638487],[2024.7413462075],[2016.7925782972],[2016.0794098179],[2018.8737246871],[2013.6727036057],[2011.6337325248],[2018.8896657708],[2018.1000216784],[2033.1042571041],[2031.3631314378],[2025.6433661012],[2025.1525094386],[2024.7411749661],[2016.792061137],[2016.0789890701],[2018.8728419031],[2013.6718704259],[2011.6331059852],[2018.8894459199],[2018.0996577769],[2033.1041364287],[2031.3628860651],[2025.6432240632],[2025.1526166008],[2024.7414055849],[2016.7924359712],[2016.0792320674],[2018.873511479],[2013.6724721344],[2011.6335834696],[2018.8897815898],[2018.100074096],[2033.1044991759],[2031.3632965274],[2025.6435678738],[2025.1528459838],[2024.7415447542],[2016.7925923191],[2016.0794353548],[2018.8735786122],[2013.6725596245],[2011.6336730431],[2018.8898120397],[2018.1000937975],[2033.1044591664],[2031.3632622273],[2025.6435352106],[2025.1527947386],[2024.7415047069],[2016.7924811446],[2016.079334411],[2018.8734097935],[2013.6723964375],[2011.6335492512],[2018.8897770433],[2018.1000319496],[2033.1044543495],[2031.3632316053],[2025.643524006],[2025.1528348564],[2024.7415665966],[2016.7925827625],[2016.0794081633],[2018.8735778807],[2013.6725499554],[2011.6336715187],[2018.8898563092],[2018.1001311618],[2033.1045331715],[2031.3633237947],[2025.6435996217],[2025.1528792025],[2024.7415893957],[2016.7926019613],[2016.079440983],[2018.8735679776],[2013.6725462611],[2011.6336732888],[2018.8898535863],[2018.1001227804],[2033.1045163853],[2031.3633056884],[2025.643584458],[2025.1528655204],[2024.7415813755],[2016.7925805117],[2016.0794190877],[2018.873539899],[2013.672518101],[2011.6336517695],[2018.8898500361],[2018.1001148253],[2033.1045208683],[2031.3633052487],[2025.643587209],[2025.152877941],[2024.7415969963],