{"columns":["predicted_mean"],"index":[934,935,936,937,938,939,940,941,942,943,944,945,946,947,948,949,950,951,952,953,954,955,956,957,958,959,960,961,962,963,964,965,966,967,968,969,970,971,972,973,974,975,976,977,978,979,980,981,982,983,984,985,986,987,988,989,990,991,992,993,994,995,996,997,998,999,1000,1001,1002,1003,1004,1005,1006,1007,1008,1009,1010,1011,1012,1013,1014,1015,1016,1017,1018,1019,1020,1021,1022,1023,1024,1025,1026,1027,1028,1029,1030,1031,1032,1033,1034,1035,1036,1037,1038,1039,1040,1041,1042,1043,1044,1045,1046,1047,1048,1049,1050,1051,1052,1053,1054,1055,1056,1057,1058,1059,1060,1061,1062,1063,1064,1065,1066,1067,1068,1069,1070,1071,1072,1073,1074,1075,1076,1077,1078,1079,1080,1081,1082,1083,1084,1085,1086,1087,1088,1089,1090,1091,1092,1093,1094,1095,1096,1097,1098,1099,1100,1101,1102,1103,1104,1105,1106,1107,1108,1109,1110,1111,1112,1113,1114,1115,1116,1117,1118,1119,1120,1121,1122,1123,1124,1125,1126,1127,1128,1129,1130,1131,1132,1133,1134,1135,1136,1137,1138,1139,1140,1141,1142,1143,1144,1145,1146,1147,1148,1149,1150,1151,1152,1153,1154,1155,1156,1157,1158,1159,1160,1161,1162,1163,1164,1165,1166,1167,1168,1169,1170,1171,1172,1173,1174,1175,1176,1177,1178,1179,1180,1181,1182,1183,1184,1185,1186,1187,1188,1189,1190,1191,1192,1193,1194,1195,1196,1197,1198,1199,1200,1201,1202,1203,1204,1205,1206,1207,1208,1209,1210,1211,1212,1213,1214,1215,1216,1217,1218,1219,1220,1221,1222,1223,1224,1225,1226,1227,1228,1229,1230,1231,1232,1233,1234,1235,1236,1237,1238,1239,1240,1241,1242,1243,1244,1245,1246,1247,1248,1249,1250,1251,1252,1253,1254,1255,1256,1257,1258,1259,1260,1261,1262,1263,1264,1265,1266,1267,1268,1269,1270,1271,1272,1273,1274,1275,1276,1277,1278,1279,1280,1281,1282,1283,1284,1285,1286,1287,1288,1289,1290,1291,1292,1293,1294,1295,1296,1297,1298],"data":[[2009.4972798974],[2002.9237237918],[1999.0965430319],[2006.7065594456],[2008.7242714332],[2025.8232413723],[2025.4849617409],[2019.0024097173],[2017.5943834282],[2015.4970268208],[2011.4056819112],[2011.7631894849],[2015.1423575103],[2010.621509183],[2007.4777024426],[2010.3326475295],[2010.8785244464],[2022.7452910448],[2022.592177478],[2016.4920774744],[2013.8781825923],[2013.1502062678],[2002.4674360823],[2003.4408624689],[2001.2814664564],[1997.0978642932],[1997.4341771165],[2008.5353373991],[2006.6451013011],[2023.8966870783],[2021.3263823398],[2016.9169389765],[2018.9775675859],[2020.1105636528],[2013.3170673502],[2011.6760591473],[2018.3271933304],[2012.7567468978],[2010.0353526283],[2016.7764818498],[2016.78213731],[2031.8755374142],[2030.6047200314],[2024.5694021126],[2023.5213396872],[2022.5703294486],[2015.227309986],[2014.9254737014],[2017.227160823],[2012.2633085903],[2010.1641904388],[2016.6867265495],[2016.0606022444],[2030.4729822554],[2028.9964611675],[2023.2883178041],[2022.5083819117],[2022.1562520521],[2013.6000746075],[2013.1742729751],[2015.1108272935],[2010.0936680973],[2008.5528266922],[2016.7065417966],[2015.6966098302],[2031.2608473318],[2029.3335542739],[2023.8872276508],[2023.9620989335],[2023.860268335],[2016.2564753426],[2015.3302173554],[2019.0377457187],[2013.7487500533],[2011.5071637991],[2018.5253408032],[2017.9413588732],[2032.881489647],[2031.2757411377],[2025.4600397737],[2024.7763782549],[2024.2183207974],[2016.3397295089],[2015.7527076933],[2018.3061356218],[2013.1753448557],[2011.1676213377],[2018.329091611],[2017.5445991395],[2032.451942555],[2030.7469040873],[2025.0526787831],[2024.544801372],[2024.1762926957],[2016.103095897],[2015.4306952804],[2018.1037119042],[2012.932193383],[2010.9905211131],[2018.4429080102],[2017.6141104328],[2032.7487730458],[2030.9695454709],[2025.3031230253],[2024.9297647733],[2024.5755586218],[2016.7186232543],[2015.9605515724],[2018.9568355634],[2013.7369379945],[2011.6452389424],[2018.8248810822],[2018.0847859951],[2033.0574321206],[2031.3517230625],[2025.6068136305],[2025.0610705004],[2024.6138378052],[2016.6652932392],[2015.986468506],[2018.7015653364],[2013.5194014761],[2011.497404993],[2018.7498205833],[2017.9544689208],[2032.9469369652],[2031.2083859856],[2025.4994138039],[2025.0160895785],[2024.6206179487],[2016.6486425355],[2015.9389282271],[2018.7239778296],[2013.5267127083],[2011.5051001024],[2018.8013094937],[2018.0059371287],[2033.0387742167],[2031.2906445712],[2025.5804292936],[2025.1122530194],[2024.7102835385],[2016.7839410893],[2016.0621991781],[2018.898063323],[2013.6934293519],[2011.6420127722],[2018.8771589957],[2018.0986906927],[2033.0926931456],[2031.3601494825],[2025.634456756],[2025.129723546],[2024.710354452],[2016.7581101408],[2016.0535586238],[2018.8256652068],[2013.6293570887],[2011.5963030114],[2018.8556950097],[2018.063339519],[2033.067522875],[2031.3257102933],[2025.6094242041],[2025.122831797],[2024.7163004507],[2016.763657963],[2016.0499918957],[2018.8463308193],[2013.645500503],[2011.6092613129],[2018.872956804],[2018.0827900682],[2033.092993418],[2031.350736995],[2025.6324899831],[2025.1456686786],[2024.735582629],[2016.7917995609],[2016.0772118757],[2018.8792767446],[2013.6776687218],[2011.6360509329],[2018.8870066098],[2018.0996808233],[2033.1012017616],[2031.3619803452],[2025.6409636939],[2025.1469689229],[2024.7340132716],[2016.7836099873],[2016.0724668941],[2018.8610558416],[2013.6611431051],[2011.6239584636],[2018.8817398364],[2018.0911700502],[2033.0960912698],[2031.3544990596],[2025.635738446],[2025.1464494994],[2024.7364404094],[2016.7870343009],[2016.0734909444],[2018.869045007],[2013.6679268094],[2011.6293374568],[2018.8867739016],[2018.0971462272],[2033.1026381183],[2031.3613294579],[2025.6417770691],[2025.1516224395],[2024.740396299],[2016.7925264223],[2016.0791840081],[2018.874658039],[2013.6735693072],[2011.634145795],[2018.889133206],[2018.0998818137],[2033.1035639433],[2031.3627821099],[2025.6428055268],[2025.1513801987],[2024.7397834743],[2016.790347104],[2016.0776288209],[2018.8704718811],[2013.6696958923],[2011.6312658063],[2018.8879866079],[2018.0980268365],[2033.1026668382],[2031.3613226436],[2025.6418477685],[2025.151545584],[2024.7405771599],[2016.791590652],[2016.0782898918],[2018.8729281115],[2013.6718561128],[2011.6329766405],[2018.8893304456],[2018.0996670814],[2033.1042502247],[2031.3630498189],[2025.6433296064],[2025.1526630953],[2024.7413454642],[2016.7925775566],[2016.0794090819],[2018.8737239172],[2013.6727028345],[2011.6337317563],[2018.8896650056],[2018.100020908],[2033.1042563351],[2031.3631306685],[2025.6433653384],[2025.1525086853],[2024.7411742228],[2016.7920603964],[2016.0789883341],[2018.8728411333],[2013.6718696547],[2011.6331052167],[2018.8894451546],[2018.0996570064],[2033.1041356598],[2031.3628852957],[2025.6432233003],[2025.1526158474],[2024.7414048416],[2016.7924352306],[2016.0792313314],[2018.8735107092],[2013.6724713632],[2011.633582701],[2018.8897808245],[2018.1000733255],[2033.104498407],[2031.363295758],[2025.643567111],[2025.1528452304],[2024.7415440108],[2016.7925915785],[2016.0794346188],[2018.8735778423],[2013.6725588532],[2011.6336722745],[2018.8898112744],[2018.100093027],[2033.1044583974],[2031.3632614579],[2025.6435344478],[2025.1527939851],[2024.7415039636],[2016.792480404],[2016.079333675],[2018.8734090236],[2013.6723956662],[2011.6335484826],[2018.889776278],[2018.1000311791],[2033.1044535805],[2031.3632308359],[2025.6435232432],[2025.152834103],[2024.7415658532],[2016.7925820219],[2016.0794074273],[2018.8735771108],[2013.6725491841],[2011.6336707502],[2018.8898555439],[2018.1001303913],[2033.1045324025],[2031.3633230253],[2025.6435988589],[2025.152878449],[2024.7415886523],[2016.7926012206],[2016.0794402469],[2018.8735672077],[2013.6725454898],[2011.6336725203],[2018.889852821],[2018.1001220099],[2033.1045156163],[2031.363304919],[2025.6435836952],[2025.1528647669],[2024.7415806322],[2016.7925797711],[2016.0794183516],[2018.8735391291],[2013.6725173297],[2011.6336510009],[2018.8898492708],[2018.1001140548],[2033.1045200993],[2031.3633044793],[2025.6435864461],[2025.1528771876],[2024.7415962529],