{"columns":["predicted_mean"],"index":[747,748,749,750,751,752,753,754,755,756,757,758,759,760,761,762,763,764,765,766,767,768,769,770,771,772,773,774,775,776,777,778,779,780,781,782,783,784,785,786,787,788,789,790,791,792,793,794,795,796,797,798,799,800,801,802,803,804,805,806,807,808,809,810,811,812,813,814,815,816,817,818,819,820,821,822,823,824,825,826,827,828,829,830,831,832,833,834,835,836,837,838,839,840,841,842,843,844,845,846,847,848,849,850,851,852,853,854,855,856,857,858,859,860,861,862,863,864,865,866,867,868,869,870,871,872,873,874,875,876,877,878,879,880,881,882,883,884,885,886,887,888,889,890,891,892,893,894,895,896,897,898,899,900,901,902,903,904,905,906,907,908,909,910,911,912,913,914,915,916,917,918,919,920,921,922,923,924,925,926,927,928,929,930,931,932,933,934,935,936,937,938,939,940,941,942,943,944,945,946,947,948,949,950,951,952,953,954,955,956,957,958,959,960,961,962,963,964,965,966,967,968,969,970,971,972,973,974,975,976,977,978,979,980,981,982,983,984,985,986,987,988,989,990,991,992,993,994,995,996,997,998,999,1000,1001,1002,1003,1004,1005,1006,1007,1008,1009,1010,1011,1012,1013,1014,1015,1016,1017,1018,1019,1020,1021,1022,1023,1024,1025,1026,1027,1028,1029,1030,1031,1032,1033,1034,1035,1036,1037,1038,1039,1040,1041,1042,1043,1044,1045,1046,1047,1048,1049,1050,1051,1052,1053,1054,1055,1056,1057,1058,1059,1060,1061,1062,1063,1064,1065,1066,1067,1068,1069,1070,1071,1072,1073,1074,1075,1076,1077,1078,1079,1080,1081,1082,1083,1084,1085,1086,1087,1088,1089,1090,1091,1092,1093,1094,1095,1096,1097,1098,1099,1100,1101,1102,1103,1104,1105,1106,1107,1108,1109,1110,1111],"data":[[3220.3086064258],[3229.7123089808],[3217.2784487803],[3210.4719825221],[3206.7131483285],[3193.5465512797],[3213.8820164998],[3214.4122114212],[3222.9677772356],[3238.6243812589],[3243.7633979929],[3240.6800158287],[3239.8725777689],[3243.88124392],[3229.8394589297],[3214.3150472721],[3214.9264755707],[3193.1618474512],[3207.9926803091],[3205.8055680018],[3216.1566482285],[3233.7091395217],[3235.1639674384],[3232.6447988357],[3231.6982811086],[3237.1619371097],[3229.6913816017],[3211.404824399],[3211.0130884141],[3191.1875770189],[3208.7818107765],[3208.5510824729],[3218.4612910718],[3233.7212115604],[3233.2853631394],[3230.3290314947],[3230.4651271845],[3236.5498688716],[3225.1718449187],[3211.2984823103],[3210.2866408155],[3191.7041286845],[3209.0793184185],[3208.3455401182],[3218.0201324091],[3234.2495540431],[3236.1610799174],[3233.3298345653],[3232.7850598879],[3238.0265052122],[3227.3157998115],[3211.3143982341],[3211.0119323468],[3191.028634099],[3207.7348109898],[3206.7594283236],[3216.7211670763],[3232.9803202131],[3233.8842647093],[3231.0985535805],[3230.6884670804],[3236.3090359338],[3226.3058773819],[3210.4217796804],[3209.8292002186],[3190.4133274981],[3207.6302132779],[3206.9643096193],[3216.8040732742],[3232.7574443133],[3233.6408849678],[3230.7879168415],[3230.4888441102],[3236.1053439464],[3225.4335620485],[3210.0989163389],[3209.4905538788],[3190.1094844892],[3207.1831540514],[3206.3821500305],[3216.2185526959],[3232.3670514505],[3233.5613530173],[3230.7398017669],[3230.3269778328],[3235.8343674042],[3225.3997342009],[3209.6641119343],[3209.1518434409],[3189.5802033194],[3206.5987352413],[3205.7965351812],[3215.6711558559],[3231.7797336829],[3232.7727992305],[3229.9501366757],[3229.5804188283],[3235.1617638627],[3224.7662109274],[3209.1358995806],[3208.5642103654],[3189.1093784686],[3206.206918467],[3205.4453641481],[3215.2954921872],[3231.3731360519],[3232.4086975658],[3229.5775095423],[3229.2125995548],[3234.7768130662],[3224.2852535571],[3208.7029894544],[3208.1425791128],[3188.6660682317],[3205.727188227],[3204.9388838903],[3214.794071242],[3230.9041168198],[3231.9706969074],[3229.1455214932],[3228.7646913432],[3234.3185148805],[3223.8794462267],[3208.2340822306],[3207.6836773792],[3188.1871692575],[3205.2492706563],[3204.4668148004],[3214.3258527449],[3230.4234167465],[3231.4567791871],[3228.6301091435],[3228.2584765499],[3233.8242811652],[3223.3785287322],[3207.761068411],[3207.2006651122],[3187.72388553],[3204.7960747019],[3204.0176090382],[3213.8725871294],[3229.9689169387],[3231.0152800682],[3228.187833216],[3227.8147633385],[3233.3756434592],[3222.9188654858],[3207.3014103319],[3206.7447229038],[3187.2606864683],[3204.3258595927],[3203.5430082228],[3213.3995577027],[3229.5003919524],[3230.547883789],[3227.7213957619],[3227.3465714287],[3232.9072013769],[3222.4597466903],[3206.8340578266],[3206.2778417055],[3186.7928251919],[3203.8597012376],[3203.0785973616],[3212.935296496],[3229.0334911896],[3230.0763958101],[3227.2494975552],[3226.876267033],[3232.4385162905],[3221.9880968004],[3206.3678966933],[3205.8102702962],[3186.3280477322],[3203.3958576632],[3202.614882125],[3212.4710179837],[3228.5696441503],[3229.6152746353],[3226.7883671143],[3226.4145913121],[3231.9758345947],[3221.5246421225],[3205.9032106387],[3205.3463856077],[3185.8625891002],[3202.9292740304],[3202.1476974878],[3212.0041648007],[3228.103281803],[3229.1484476791],[3226.3216673346],[3225.9477850291],[3231.5092214814],[3221.0594189144],[3205.4371895955],[3204.8802461741],[3185.3966750974],[3202.463834732],[3201.6826210888],[3211.5390335259],[3227.6376959723],[3228.682367651],[3225.8555052376],[3225.4818547808],[3231.0434591416],[3220.5929577717],[3204.9716236513],[3204.4145228081],[3184.9312656519],[3201.9984405731],[3201.2171622145],[3211.0735134798],[3227.1723342531],[3228.2174725029],[3225.3906273024],[3225.0168536611],[3230.5782890837],[3220.127843723],[3204.5061480032],[3203.9491870492],[3184.4656540777],[3201.5326787904],[3200.7513365462],[3210.607744787],[3226.7065940596],[3227.7515669621],[3224.9247344905],[3224.5509746048],[3230.1124731512],[3219.6621965571],[3204.0404779125],[3203.4834701116],[3184.0000284635],[3201.0671488272],[3200.2858682702],[3210.1422565622],[3226.2410401324],[3227.2859856729],[3224.4591396366],[3224.0854069123],[3229.6469131962],[3219.1965075475],[3203.574910844],[3203.0178930202],[3183.5344718296],[3200.6015727171],[3199.8202698701],[3209.6766546589],[3225.7754736339],[3226.8204861892],[3223.9936454434],[3223.6198905505],[3229.1813730565],[3218.7310036839],[3203.1093324311],[3202.5523351083],[3183.0688733405],[3200.1359590023],[3199.3546528236],[3209.2110458323],[3225.3098605782],[3226.3548365182],[3223.5279962456],[3223.1542481235],[3228.7157442026],[3218.2653887059],[3202.6437311961],[3202.0867231594],[3182.6032824147],[3199.6703839736],[3198.889086591],[3208.7454751519],[3224.8442822751],[3225.8892628642],[3223.0624207156],[3222.6886746173],[3228.2501686592],[3217.7997932102],[3202.178148525],[3201.6211415856],[3182.1376987909],[3199.2047942404],[3198.4234919752],[3208.2798810775],[3224.3786945309],[3225.4236828197],[3222.5968417825],[3222.2230923377],[3227.7845837345],[3217.3342174971],[3201.7125602069],[3201.1555556959],[3181.6721080673],[3198.7392029017],[3197.9579012978],[3207.814291351],[3223.9131028317],[3224.9580846151],[3222.1312433901],[3221.7574955799],[3227.3189893413],[3216.8686228465],[3201.2469701788],[3200.6899637248],[3181.2065199242],[3198.2736169707],[3197.492316366],[3207.3487056254],[3223.4475165544],[3224.4925004046],[3221.665658977],[3221.2919110639],[3226.8534040288],[3216.4030349887],[3200.7813829565],[3200.2243770818],[3180.7409321545],[3197.8080279074],[3197.0267264413],[3206.8831159496],[3222.9819278283],[3224.0269122191],[3221.2000709821],[3220.8263226554],[3226.387815454],[3215.937448187],[3200.3157943676],[3199.7587886798],[3180.2753433747],[3197.3424393377],[3196.5611381513],[3206.4175277277],[3222.5163391359],[3223.5613225566],[3220.7344812523],[3220.3607332317],[3225.9222263761],[3215.4718586775],[3199.8502058624],[3199.2931998791],[3179.8097551582],[3196.8768513627],[3196.0955502439],[3205.9519397015],[3222.0507511433],[3223.0957350514],[3220.2688937357],[3219.895145633],[3225.4566385959],[3215.0062706621],[3199.3846177045],[3198.8276118631],[3179.3441668641],[3196.4112628456],[3195.6299615992],