{"columns":["predicted_mean"],"index":[745,746,747,748,749,750,751,752,753,754,755,756,757,758,759,760,761,762,763,764,765,766,767,768,769,770,771,772,773,774,775,776,777,778,779,780,781,782,783,784,785,786,787,788,789,790,791,792,793,794,795,796,797,798,799,800,801,802,803,804,805,806,807,808,809,810,811,812,813,814,815,816,817,818,819,820,821,822,823,824,825,826,827,828,829,830,831,832,833,834,835,836,837,838,839,840,841,842,843,844,845,846,847,848,849,850,851,852,853,854,855,856,857,858,859,860,861,862,863,864,865,866,867,868,869,870,871,872,873,874,875,876,877,878,879,880,881,882,883,884,885,886,887,888,889,890,891,892,893,894,895,896,897,898,899,900,901,902,903,904,905,906,907,908,909,910,911,912,913,914,915,916,917,918,919,920,921,922,923,924,925,926,927,928,929,930,931,932,933,934,935,936,937,938,939,940,941,942,943,944,945,946,947,948,949,950,951,952,953,954,955,956,957,958,959,960,961,962,963,964,965,966,967,968,969,970,971,972,973,974,975,976,977,978,979,980,981,982,983,984,985,986,987,988,989,990,991,992,993,994,995,996,997,998,999,1000,1001,1002,1003,1004,1005,1006,1007,1008,1009,1010,1011,1012,1013,1014,1015,1016,1017,1018,1019,1020,1021,1022,1023,1024,1025,1026,1027,1028,1029,1030,1031,1032,1033,1034,1035,1036,1037,1038,1039,1040,1041,1042,1043,1044,1045,1046,1047,1048,1049,1050,1051,1052,1053,1054,1055,1056,1057,1058,1059,1060,1061,1062,1063,1064,1065,1066,1067,1068,1069,1070,1071,1072,1073,1074,1075,1076,1077,1078,1079,1080,1081,1082,1083,1084,1085,1086,1087,1088,1089,1090,1091,1092,1093,1094,1095,1096,1097,1098,1099,1100,1101,1102,1103,1104,1105,1106,1107,1108,1109],"data":[[7252.6775097124],[7256.7229653058],[7283.6099734623],[7199.6922562861],[7218.0817044184],[7268.5898084577],[7240.1159197323],[7330.2291681748],[7339.6842720283],[7369.625150505],[7449.9458478791],[7422.2545510985],[7397.6046386003],[7380.4903474949],[7398.019901786],[7303.7738303811],[7307.9062460831],[7312.6843416862],[7241.4349399591],[7331.3234796994],[7327.0251480051],[7337.70873862],[7438.8049519939],[7401.7773805115],[7380.145081985],[7365.522788473],[7389.7832097335],[7324.1750575079],[7309.2417559745],[7336.6605189876],[7276.0854789105],[7366.0903411931],[7358.9169599042],[7377.8592661481],[7467.9649793317],[7433.2054201094],[7415.3198339132],[7405.3416029296],[7427.8961867585],[7346.2396314264],[7348.2911377841],[7374.2216878056],[7319.2700536358],[7409.2642164334],[7408.1115285369],[7427.2790322753],[7518.5315052029],[7485.0405974162],[7463.7528673199],[7449.9298453431],[7471.6170616445],[7392.1414372397],[7388.5327475839],[7408.7072760809],[7346.81726859],[7436.783897674],[7432.4670629008],[7449.0219256828],[7542.7851360668],[7507.7706999326],[7487.6382759558],[7474.998677028],[7497.773793439],[7421.6261168895],[7416.734152375],[7441.196899558],[7382.2645836151],[7472.252792764],[7468.2543447574],[7486.487087325],[7578.2314495337],[7543.8563674323],[7523.9666031695],[7511.6828537246],[7533.9899407378],[7454.9692650874],[7452.6219314719],[7475.9366001181],[7417.0973861207],[7507.0793904598],[7503.8116366135],[7521.7026246153],[7614.0468601523],[7579.6989646534],[7559.3026851115],[7546.4284366598],[7568.7237838274],[7490.6298402437],[7486.9655036844],[7509.7685135674],[7449.985318301],[7539.9650331045],[7536.1143155321],[7553.7333282107],[7646.2787932149],[7611.7221243338],[7591.5918076099],[7579.0058698302],[7601.4485950683],[7523.592221386],[7520.048881008],[7543.5359195926],[7484.3554655042],[7574.3385594037],[7570.65936453],[7588.5619230041],[7680.7941396168],[7646.3688080703],[7626.2118619827],[7613.6094070482],[7635.957196491],[7557.6658534607],[7554.4343452967],[7577.617055922],[7518.3154582687],[7608.2969778178],[7604.6770235665],[7622.4712837298],[7714.8527293878],[7680.4019188583],[7660.1834655489],[7647.5060865852],[7669.8733461248],[7591.8016968445],[7588.3258381438],[7611.5078794353],[7552.1074958411],[7642.0890594875],[7638.3784003384],[7656.1604589778],[7748.5356233907],[7714.0626741167],[7693.8932415397],[7681.2708297587],[7703.6533888177],[7625.5646834456],[7622.159061181],[7645.4322809435],[7586.1339952371],[7676.1159988024],[7672.4482609055],[7690.2707568431],[7782.6056258932],[7748.1550596233],[7727.9712229889],[7715.3344354794],[7737.7009710196],[7659.5581588226],[7656.1784745857],[7679.3909945237],[7620.0539679487],[7710.0356645389],[7706.3663014194],[7724.1654264445],[7816.529082003],[7782.0701661893],[7761.8813353343],[7749.2377618262],[7771.6104383468],[7693.5088499072],[7690.0909012207],[7713.316779749],[7653.9751895885],[7743.9569600556],[7740.2758860333],[7758.0785649648],[7850.4350071483],[7815.974994911],[7795.7937941478],[7783.1590390392],[7805.5323911163],[7727.4193999962],[7724.0192755867],[7747.2543285868],[7687.9273365939],[7777.9091492382],[7774.2363816308],[7792.0436545913],[7884.3963323668],[7849.9395417538],[7829.7547337072],[7817.1161118231],[7839.4871818333],[7761.3695163974],[7757.9688949504],[7781.1938375028],[7721.8584557628],[7811.840218211],[7808.1653940857],[7825.968539079],[7918.3258817291],[7883.8672662325],[7863.6825927286],[7851.0439244272],[7873.4163172534],[7795.3051734191],[7791.8995698745],[7815.1285300874],[7755.7943997236],[7845.7761831239],[7842.1002561264],[7859.904788597],[7952.2601378212],[7917.8017807046],[7897.6180928022],[7884.9806083323],[7907.3527979997],[7829.2386918827],[7825.8365641361],[7849.0658551954],[7789.7333903137],[7879.715174685],[7876.0405974353],[7893.8454338901],[7986.2007237798],[7951.7427381528],[7931.5583518412],[7918.9200905124],[7941.2920214921],[7863.1779495946],[7859.7749856614],[7883.0028579306],[7823.6689075686],[7913.6506850447],[7909.9755350866],[7927.7797548478],[8020.1356786817],[7985.677367899],[7965.4931542205],[7952.8550588227],[7975.2272231527],[7897.1140115654],[7893.7105698691],[7916.9392911306],[7857.6058363999],[7947.5876181919],[7943.912448344],[7961.7169893746],[8054.0725074781],[8019.6143031167],[7999.4301823557],[7986.7922077406],[8009.164293337],[7931.0504969344],[7927.6476236409],[7950.8762008424],[7891.5428579492],[7981.5246389143],[7977.8496530966],[7995.6541634059],[8088.0097635003],[8053.5515849995],[8033.3673507093],[8020.7292459516],[8043.1013145649],[7964.9876522784],[7961.5845417795],[7984.8129620847],[7925.4793967277],[8015.4611769584],[8011.7860741542],[8029.5905092004],[8121.9461754952],[8087.4879479936],[8067.303761829],[8054.6657079856],[8077.0378114155],[7998.9242339061],[7995.5211123781],[8018.7496804261],[7959.4162303129],[8049.3980112807],[8045.7229317472],[8063.5274262218],[8155.8830238559],[8121.4248213727],[8101.2406369116],[8088.6025878621],[8110.9746731008],[8032.8609989826],[8029.4579555408],[8052.6864716859],[7993.3530109244],[8083.3347916188],[8079.6597314205],[8097.4642086408],[8189.8198323975],[8155.3616278132],[8135.1774278662],[8122.5393604354],[8144.9114474441],[8066.7978125771],[8063.3947202687],[8086.6232270328],[8027.289739025],[8117.2715196823],[8113.5964396319],[8131.4009106588],[8223.7565374381],[8189.2983267982],[8169.1141366866],[8156.4760801037],[8178.8481713537],[8100.7345390729],[8097.3314561228],[8120.5599846268],[8061.2265179918],[8151.2082987554],[8147.5332261999],[8165.3377065077],[8257.69332348],[8223.2351175111],[8203.0509254473],[8190.412867099],[8212.7849549885],[8134.6713092781],[8131.2682346464],[8154.4967514269],[8095.1632786398],[8185.1450593435],[8181.4699877007],[8199.2744636561],[8291.6300862775],[8257.1718789941],[8236.987685302],[8224.3496248986],[8246.7217137682],[8168.6080762566],[8165.2049932788],[8188.4335114081],[8129.1000363581],[8219.0818170701],[8215.4067425832],[8233.2112186786],[8325.5668404508],[8291.1086326528],[8270.9244406302],[8258.2863821258],[8280.6584713426],[8202.5448323588],[8199.1417524755],[8222.3702731991],[8163.0368014947],[8253.018582219],[8249.3435093596],[8267.1479866591],[8359.5036073143],[8325.0454002519],[8304.8612075997],[8292.2231484396],[8314.5952371323],[8236.4815966875],[8233.0785172256],[8256.3070358143],[8196.97356255],[8286.9553432635],