{"columns":["predicted_mean"],"index":[745,746,747,748,749,750,751,752,753,754,755,756,757,758,759,760,761,762,763,764,765,766,767,768,769,770,771,772,773,774,775,776,777,778,779,780,781,782,783,784,785,786,787,788,789,790,791,792,793,794,795,796,797,798,799,800,801,802,803,804,805,806,807,808,809,810,811,812,813,814,815,816,817,818,819,820,821,822,823,824,825,826,827,828,829,830,831,832,833,834,835,836,837,838,839,840,841,842,843,844,845,846,847,848,849,850,851,852,853,854,855,856,857,858,859,860,861,862,863,864,865,866,867,868,869,870,871,872,873,874,875,876,877,878,879,880,881,882,883,884,885,886,887,888,889,890,891,892,893,894,895,896,897,898,899,900,901,902,903,904,905,906,907,908,909,910,911,912,913,914,915,916,917,918,919,920,921,922,923,924,925,926,927,928,929,930,931,932,933,934,935,936,937,938,939,940,941,942,943,944,945,946,947,948,949,950,951,952,953,954,955,956,957,958,959,960,961,962,963,964,965,966,967,968,969,970,971,972,973,974,975,976,977,978,979,980,981,982,983,984,985,986,987,988,989,990,991,992,993,994,995,996,997,998,999,1000,1001,1002,1003,1004,1005,1006,1007,1008,1009,1010,1011,1012,1013,1014,1015,1016,1017,1018,1019,1020,1021,1022,1023,1024,1025,1026,1027,1028,1029,1030,1031,1032,1033,1034,1035,1036,1037,1038,1039,1040,1041,1042,1043,1044,1045,1046,1047,1048,1049,1050,1051,1052,1053,1054,1055,1056,1057,1058,1059,1060,1061,1062,1063,1064,1065,1066,1067,1068,1069,1070,1071,1072,1073,1074,1075,1076,1077,1078,1079,1080,1081,1082,1083,1084,1085,1086,1087,1088,1089,1090,1091,1092,1093,1094,1095,1096,1097,1098,1099,1100,1101,1102,1103,1104,1105,1106,1107,1108,1109],"data":[[17198.5246936915],[17243.9618136153],[17297.570786948],[17245.5916537927],[17201.7562462412],[17230.1468016842],[17169.8986974861],[17347.6284980189],[17431.5837197596],[17414.7674590788],[17405.7921419712],[17474.2112163337],[17334.9441958119],[17349.2726374884],[17393.5345657635],[17352.344321921],[17291.7047232286],[17297.7806139559],[17221.1399900087],[17399.6230733513],[17459.5181928591],[17472.9296382327],[17429.3389360087],[17475.2690619664],[17329.6413096145],[17342.1559030185],[17366.9753702506],[17340.8171090921],[17252.4591343332],[17256.5563374298],[17175.1649551427],[17348.8017285485],[17391.9781962825],[17419.6079836297],[17390.4590137915],[17451.7651168432],[17315.5064307398],[17334.3458062871],[17371.3912755852],[17334.0709406045],[17264.1507926702],[17273.1560897255],[17197.1505032468],[17372.982181987],[17429.8713929631],[17443.2902053581],[17412.2255509179],[17468.7911347058],[17328.1431567263],[17343.4739755448],[17377.0480482962],[17342.9689001177],[17267.6651875269],[17274.0669122309],[17195.7305067096],[17371.0753145329],[17423.2168978119],[17441.8468484367],[17408.9768706795],[17465.1728398922],[17325.1130747047],[17341.1221240363],[17374.2328890035],[17340.3557245716],[17264.5011509674],[17271.3655252881],[17193.2512100013],[17368.3859642117],[17420.5407785449],[17438.869763403],[17407.3381373482],[17464.6008481545],[17325.000210361],[17341.2522318764],[17375.2504096719],[17340.6023656694],[17266.0560391043],[17273.1239625234],[17195.2999934563],[17370.6201823082],[17423.6501048282],[17441.1306610668],[17409.1624539624],[17465.8699703293],[17325.8776313298],[17341.8448754687],[17375.4116879441],[17341.1482273524],[17265.9504544871],[17272.8016838842],[17194.758627276],[17370.0027914241],[17422.5230340825],[17440.5337479619],[17408.5490418302],[17465.3599917767],[17325.4949597434],[17341.5706390772],[17375.2064580896],[17340.8659981927],[17265.7826926905],[17272.7130208237],[17194.7342004863],[17369.9817357225],[17422.6201552425],[17440.4881649564],[17408.5928174696],[17465.4479291227],[17325.5824778052],[17341.6482351034],[17375.3247549105],[17340.9521336857],[17265.9261400431],[17272.8509193551],[17194.8755995502],[17370.1339979194],[17422.8010974371],[17440.6473088149],[17408.7029578985],[17465.511914167],[17325.6211620126],[17341.6707119575],[17375.3098876738],[17340.9692986119],[17265.8879796327],[17272.7999672692],[17194.8096167593],[17370.0604935871],[17422.6880548223],[17440.5733226485],[17408.6391621442],[17465.4653725266],[17325.5885890254],[17341.6487941454],[17375.3009866024],[17340.9479653787],[17265.8867601018],[17272.8067439236],[17194.8239556405],[17370.0767440709],[17422.7210183627],[17440.588023627],[17408.657216312],[17465.4822394927],[17325.6021635821],[17341.6592342684],[17375.3110047566],[17340.9587669481],[17265.8965693874],[17272.8143233924],[17194.8299895619],[17370.0830156934],[17422.7252489391],[17440.5950633118],[17408.6603120639],[17465.4826267042],[17325.601672351],[17341.65841402],[17375.3078685371],[17340.957500086],[17265.8919632393],[17272.8094016788],[17194.8244504636],[17370.076930123],[17422.7170850504],[17440.5887555059],[17408.6555668935],[17465.4796130908],[17325.5997556653],[17341.6572542662],[17375.3080779678],[17340.9564728093],[17265.892999267],[17272.8110216979],[17194.82669668],[17370.079422807],[17422.7211313367],[17440.5911945378],[17408.6578575163],[17465.4814242547],[17325.6010989995],[17341.6582187923],[17375.3086966101],[17340.9574264944],[17265.8934099423],[17272.8111523036],[17194.8265815742],[17370.0792647217],[17422.720481158],[17440.5910961139],[17408.6575387316],[17465.481041299],[17325.6007669919],[17341.6579525352],[17375.3083607006],[17340.9571326331],[17265.893026324],[17272.8108126462],[17194.8262585471],[17370.078915995],[17422.7201121772],[17440.5907184028],[17408.6573121799],[17465.4809406464],[17325.6007247847],[17341.6579434964],[17375.3084555891],[17340.9571379529],[17265.8931849243],[17272.8109984136],[17194.8264805407],[17370.0791595981],[17422.7204602428],[17440.5909649117],[17408.6575139912],[17465.4810823199],[17325.6008226942],[17341.6580092307],[17375.3084748956],[17340.9571994426],[17265.8931758947],[17272.8109649835],[17194.8264228303],[17370.0790940407],[17422.7203387691],[17440.5909023786],[17408.6574475644],[17465.4810256273],[17325.6007793564],[17341.6579775212],[17375.3084494057],[17340.9571668498],[17265.8931538117],[17272.8109513403],[17194.8264158433],[17370.0790871849],[17422.7203435248],[17440.5908929009],[17408.657448688],[17465.4810325742],[17325.6007869501],[17341.6579845368],[17375.3084616493],[17340.9571749576],[17265.8931693323],[17272.8109666401],[17194.8264319191],[17370.0791046079],[17422.7203649688],[17440.5909110948],[17408.6574615418],[17465.4810402013],[17325.600791603],[17341.6579872453],[17375.3084601529],[17340.9571771256],[17265.8931652407],[17272.8109610237],[17194.8264245554],[17370.0790964222],[17422.72035225],[17440.590902916],[17408.6574543446],[17465.4810348365],[17325.6007877824],[17341.6579846197],[17375.3084588979],[17340.9571745625],[17265.8931648002],[17272.8109614768],[17194.8264258389],[17370.0790979024],[17422.7203555247],[17440.5909042222],[17408.657456104],[17465.4810365448],[17325.6007891735],[17341.6579856956],[17375.3084599916],[17340.9571756918],[17265.8931659141],[17272.8109623686],[17194.8264265875],[17370.0790986913],[17422.7203561561],[17440.5909050995],[17408.6574565321],[17465.4810366479],[17325.6007891581],[17341.6579856275],[17375.3084596484],[17340.9571755756],[17265.8931653983],[17272.8109618058],[17194.8264259451],[17370.0790979863],[17422.7203551956],[17440.5909043739],[17408.6574559733],[17465.481036282],[17325.6007889187],[17341.6579854771],[17375.3084596496],[17340.95717544],[17265.8931654915],[17272.8109619672],[17194.8264261782],[17370.0790982465],[17422.7203556303],[17440.5909046274],[17408.6574562173],[17465.4810364779],[17325.6007890648],[17341.6579855822],[17375.3084597207],[17340.957175545],[17265.8931655425],[17272.810961988],[17194.8264261732],[17370.0790982377],[17422.7203555709],[17440.5909046257],[17408.6574561889],[17465.4810364397],[17325.6007890305],[17341.6579855539],[17375.3084596826],[17340.9571755136],[17265.8931654978],[17272.8109619473],[17194.8264261333],[17370.0790981946],[17422.7203555231],[17440.5909045797],[17408.6574561597],[17465.4810364252],[17325.6007890232],