{"columns":["predicted_mean"],"index":[745,746,747,748,749,750,751,752,753,754,755,756,757,758,759,760,761,762,763,764,765,766,767,768,769,770,771,772,773,774,775,776,777,778,779,780,781,782,783,784,785,786,787,788,789,790,791,792,793,794,795,796,797,798,799,800,801,802,803,804,805,806,807,808,809,810,811,812,813,814,815,816,817,818,819,820,821,822,823,824,825,826,827,828,829,830,831,832,833,834,835,836,837,838,839,840,841,842,843,844,845,846,847,848,849,850,851,852,853,854,855,856,857,858,859,860,861,862,863,864,865,866,867,868,869,870,871,872,873,874,875,876,877,878,879,880,881,882,883,884,885,886,887,888,889,890,891,892,893,894,895,896,897,898,899,900,901,902,903,904,905,906,907,908,909,910,911,912,913,914,915,916,917,918,919,920,921,922,923,924,925,926,927,928,929,930,931,932,933,934,935,936,937,938,939,940,941,942,943,944,945,946,947,948,949,950,951,952,953,954,955,956,957,958,959,960,961,962,963,964,965,966,967,968,969,970,971,972,973,974,975,976,977,978,979,980,981,982,983,984,985,986,987,988,989,990,991,992,993,994,995,996,997,998,999,1000,1001,1002,1003,1004,1005,1006,1007,1008,1009,1010,1011,1012,1013,1014,1015,1016,1017,1018,1019,1020,1021,1022,1023,1024,1025,1026,1027,1028,1029,1030,1031,1032,1033,1034,1035,1036,1037,1038,1039,1040,1041,1042,1043,1044,1045,1046,1047,1048,1049,1050,1051,1052,1053,1054,1055,1056,1057,1058,1059,1060,1061,1062,1063,1064,1065,1066,1067,1068,1069,1070,1071,1072,1073,1074,1075,1076,1077,1078,1079,1080,1081,1082,1083,1084,1085,1086,1087,1088,1089,1090,1091,1092,1093,1094,1095,1096,1097,1098,1099,1100,1101,1102,1103,1104,1105,1106,1107,1108,1109],"data":[[287.9208307086],[288.7244017331],[291.5173755358],[290.6099697132],[288.8498069025],[290.5780349421],[288.6048064015],[290.8704722047],[291.4563885084],[290.7165315282],[294.1595408223],[294.3797414872],[297.1510836052],[297.0279649572],[300.0733644018],[300.5627386571],[298.5660883372],[300.0766701865],[297.6677788982],[299.5631554561],[300.195409231],[299.77642771],[303.5101675626],[303.5729049407],[306.3530604603],[306.3266279593],[309.3725371315],[309.9890975299],[307.8482479364],[309.5685617827],[307.1750778996],[309.2336819493],[309.9978430115],[309.505459008],[313.0301708095],[313.1545262446],[315.6951715534],[315.812786138],[318.8016696249],[319.0202801695],[317.0280827547],[318.6583098819],[316.3524553983],[318.386065155],[319.0524209974],[318.5366120615],[322.1345313958],[322.2534219435],[324.9507825873],[324.9512414226],[327.9777944957],[328.4315159487],[326.3732078733],[328.0160245092],[325.6486484858],[327.662162486],[328.3636992766],[327.8798954296],[331.4762509729],[331.5849246999],[334.2322364504],[334.2779712313],[337.2923716257],[337.6796821206],[335.631794376],[337.2865004927],[334.9402082027],[336.9726502817],[337.6728412915],[337.1730921288],[340.7540433827],[340.8707138323],[343.5159929478],[343.558038812],[346.5720317568],[346.9505452687],[344.9105998858],[346.5546010127],[344.2081551391],[346.2325688204],[346.9257508307],[346.4293792347],[350.020888242],[350.1345546469],[352.7924201683],[352.8267424846],[355.8437345591],[356.242990872],[354.1954429185],[355.8438668988],[353.4927879521],[355.5182703532],[356.2163986096],[355.721369992],[359.3093430324],[359.4232040092],[362.0731865092],[362.1134547216],[365.128551136],[365.5160392552],[363.4717449712],[365.1196425092],[362.771667833],[364.7982450824],[365.4946700881],[364.9979931305],[368.5859380455],[368.7003447299],[371.352723794],[371.3907868761],[374.4064657931],[374.7970930074],[372.7523502394],[374.3996033344],[372.0506122943],[374.0762241141],[374.7726668664],[374.2767804688],[377.8655381013],[377.9795395154],[380.6321009777],[380.6702898472],[383.6860085237],[384.0771986546],[382.032022357],[383.6798206715],[381.3308059185],[383.356811539],[384.0536250367],[383.5575850026],[387.1458104612],[387.2599578481],[389.9118602537],[389.9504609915],[392.9660225099],[393.3561347082],[391.3113463757],[392.9589281633],[390.6101573698],[392.6361188753],[393.3326827392],[392.8365669632],[396.4249625151],[396.5391041961],[399.1914023175],[399.2297019114],[402.2453586306],[402.6360586293],[400.591110598],[402.2387134104],[399.8897862996],[401.9156885979],[402.6123346046],[402.1163035163],[405.7047058796],[405.8188185597],[408.4710024942],[408.5094091254],[411.5250380599],[411.9155906685],[409.8706613239],[411.5182988318],[409.1694205069],[411.1953719418],[411.8920195833],[411.3959493922],[414.9843090441],[415.098442221],[417.7506129464],[417.7890162856],[420.8046422502],[421.1951605124],[419.1502546504],[420.7978644482],[418.4489889033],[420.4749210776],[421.1715491889],[420.675485888],[424.26387231],[424.3779984189],[427.0302035397],[427.0685850224],[430.0842191945],[430.4747933137],[428.4298676962],[430.0774880624],[427.7285997196],[429.7545336208],[430.4511743053],[429.9551152205],[433.543493497],[433.6576196859],[436.3098049835],[436.3482016872],[439.3638310881],[439.7543759108],[437.7094581094],[439.3570776961],[437.0081972086],[439.034134291],[439.7307710307],[439.2347076051],[442.8230852668],[442.93721299],[445.5894036977],[445.6277952247],[448.6434259437],[449.0339776337],[446.98905909],[448.6366768198],[446.2877940017],[448.3137285884],[449.0103651183],[448.514303622],[452.1026835203],[452.2168102089],[454.8690017837],[454.9073933225],[457.9230242396],[458.3135779587],[456.2686581516],[457.9162772868],[455.5673942488],[457.5933297747],[458.2899673295],[457.7939055297],[461.3822840841],[461.4964111137],[464.148600899],[464.1869935925],[467.2026240824],[467.5931749148],[465.5482561115],[467.1958747325],[464.8469923636],[466.8729278277],[467.5695647505],[467.0735027185],[470.6618816611],[470.7760086971],[473.4281994734],[473.4665913991],[476.4822221276],[476.872774417],[474.8278552323],[476.4754738784],[474.1265911156],[476.1525264097],[476.8491635211],[476.3531017111],[479.9414806983],[480.0556076535],[482.707798175],[482.7461903501],[485.7618210165],[486.1523729888],[484.1074538314],[485.7550725763],[483.4061899242],[485.4321253449],[486.1287624732],[485.6327005683],[489.2210794387],[489.335206446],[491.9873969138],[492.0257890961],[495.04141975],[495.4319716053],[493.3870525154],[495.0346711892],[492.6857885522],[494.7117239272],[495.408361002],[494.9122991101],[498.5006780479],[498.6148050388],[501.2669955994],[501.305387721],[504.3210183971],[504.7115704011],[502.6666512603],[504.3142699591],[501.9653872872],[503.991322664],[504.6879597705],[504.1918978912],[507.7802768107],[507.8944038007],[510.5465943119],[510.5849864721],[513.6006171363],[513.991169068],[511.9462499458],[513.593868644],[511.2449859919],[513.2709213777],[513.9675584752],[513.4714965846],[517.0598755011],[517.1740024954],[519.8261930185],[519.8645851668],[522.8802158339],[523.2707677801],[521.225848657],[522.87346735],[520.5245846926],[522.550520072],[523.2471571684],[522.7510952825],[526.339474205],[526.4536011967],[529.105791723],[529.1441838705],[532.1598145383],[532.5503664912],[530.5054473645],[532.1530660611],[529.8041834027],[531.8301187844],[532.5267558835],[532.0306939971],[535.6190729162],[535.7331999087],[538.3853904302],[538.4237825809],[541.4394132476],[541.8299651928],[539.7850460687],[541.432664764],[539.0837821075],[541.1097174891],[541.8063545867],[541.3102926995],[544.8986716196],[545.0127986121],[547.6649891361],[547.7033812848],[550.7190119521],[551.1095639009],[549.0646447759],[550.7122634713],[548.3633808137],[550.3893161949],[551.0859532928],[550.5898914063],[554.1782703265],[554.2923973188],[556.9445878422],[556.9829799915],[559.9986106587],[560.3891626068],[558.3442434819],[559.9918621775],[557.6429795202],[559.6689149017],[560.3655519997],[559.8694901129],[563.4578690328],[563.5719960253],[566.2241865485],[566.2625786979],[569.278209365],[569.6687613127],[567.623842188]]}