{"columns":["predicted_mean"],"index":[745,746,747,748,749,750,751,752,753,754,755,756,757,758,759,760,761,762,763,764,765,766,767,768,769,770,771,772,773,774,775,776,777,778,779,780,781,782,783,784,785,786,787,788,789,790,791,792,793,794,795,796,797,798,799,800,801,802,803,804,805,806,807,808,809,810,811,812,813,814,815,816,817,818,819,820,821,822,823,824,825,826,827,828,829,830,831,832,833,834,835,836,837,838,839,840,841,842,843,844,845,846,847,848,849,850,851,852,853,854,855,856,857,858,859,860,861,862,863,864,865,866,867,868,869,870,871,872,873,874,875,876,877,878,879,880,881,882,883,884,885,886,887,888,889,890,891,892,893,894,895,896,897,898,899,900,901,902,903,904,905,906,907,908,909,910,911,912,913,914,915,916,917,918,919,920,921,922,923,924,925,926,927,928,929,930,931,932,933,934,935,936,937,938,939,940,941,942,943,944,945,946,947,948,949,950,951,952,953,954,955,956,957,958,959,960,961,962,963,964,965,966,967,968,969,970,971,972,973,974,975,976,977,978,979,980,981,982,983,984,985,986,987,988,989,990,991,992,993,994,995,996,997,998,999,1000,1001,1002,1003,1004,1005,1006,1007,1008,1009,1010,1011,1012,1013,1014,1015,1016,1017,1018,1019,1020,1021,1022,1023,1024,1025,1026,1027,1028,1029,1030,1031,1032,1033,1034,1035,1036,1037,1038,1039,1040,1041,1042,1043,1044,1045,1046,1047,1048,1049,1050,1051,1052,1053,1054,1055,1056,1057,1058,1059,1060,1061,1062,1063,1064,1065,1066,1067,1068,1069,1070,1071,1072,1073,1074,1075,1076,1077,1078,1079,1080,1081,1082,1083,1084,1085,1086,1087,1088,1089,1090,1091,1092,1093,1094,1095,1096,1097,1098,1099,1100,1101,1102,1103,1104,1105,1106,1107,1108,1109],"data":[[58.4669324288],[59.9280550146],[59.543871172],[58.9183211895],[58.0707351465],[58.7301739371],[58.0548035873],[59.0917817548],[58.885421186],[59.5067526154],[59.8430081992],[59.3776268047],[59.1036615113],[61.0758251715],[60.7888200576],[59.996768097],[59.6502073342],[60.3695640582],[59.6898304072],[60.5790564494],[60.170812922],[60.7511090138],[61.2831731653],[60.9469355426],[60.9496761669],[62.6050785215],[62.2472151694],[61.4823329385],[60.7815607956],[61.5221707444],[60.7840796416],[61.9984354785],[61.6186235507],[62.185140118],[62.4120800128],[62.0437351204],[61.9843246611],[63.6833704917],[63.3403841251],[62.6083612086],[61.9774094705],[62.6869810326],[61.986325647],[63.0434551891],[62.7062785265],[63.2935715677],[63.6510112449],[63.2640115199],[63.1605179153],[64.9270584933],[64.5960038754],[63.8355280003],[63.2670374515],[63.989485641],[63.2830640018],[64.3405299297],[63.9684707093],[64.5470110271],[64.9146934156],[64.548824825],[64.4911717802],[66.2028982619],[65.8600166252],[65.1073534097],[64.4793545497],[65.2030912864],[64.4890696104],[65.5932417622],[65.2300592491],[65.8078196175],[66.1302203003],[65.7568341232],[65.6839514277],[67.409478042],[67.0703591613],[66.321348538],[65.7115583294],[66.430654987],[65.723059684],[66.7982119091],[66.4399416694],[67.0207966781],[67.3681785744],[66.9931418494],[66.9160107542],[68.6493484965],[68.3114288386],[67.5578253966],[66.9545173494],[67.6761025629],[66.9667959423],[68.0459801246],[67.6820195974],[68.261191195],[68.6066167642],[68.234845186],[68.1648889659],[69.8892724152],[69.5494874599],[68.7976379074],[68.1848829855],[68.9063118813],[68.1961473187],[69.2814942047],[68.9195912234],[69.4988817504],[69.8380645328],[69.4647637459],[69.3916326609],[71.1192296779],[70.7802418429],[70.0286767614],[69.419836952],[70.1406200803],[69.4314973755],[70.5118253501],[70.1503462938],[70.7300654925],[71.0736974281],[70.7003692144],[70.6270630421],[72.3553421401],[72.0164173275],[71.2641527669],[70.6557076368],[71.3769372548],[70.6674254526],[71.7490221565],[71.3866666665],[71.9660849532],[72.3088248381],[71.9359699047],[71.8637194859],[73.5906173616],[73.2514156753],[72.4994993353],[71.8896416035],[72.6107874535],[71.9012056943],[72.9835144117],[72.6215750974],[73.2010517921],[73.543016441],[73.1698766458],[73.0970247697],[74.8245743454],[74.4855252886],[73.7336020538],[73.1245012088],[73.8455656989],[73.1361433578],[74.2176326367],[73.8556971525],[74.4352274707],[74.7779383078],[74.4048336719],[74.3320391814],[76.0595973784],[75.7205364323],[74.9685135617],[74.3593655716],[75.0805054335],[74.3710052583],[75.4527894604],[75.0907274227],[75.67020711],[76.0126872439],[75.6396458375],[75.5669952829],[77.294353682],[76.9552545547],[76.2032954339],[75.5939507888],[76.3150682589],[75.6055687085],[76.687414811],[76.3254299898],[76.9049250262],[77.2473253529],[76.8742343049],[76.8014775049],[78.5289570424],[78.1898851037],[77.4379162405],[76.8287074278],[77.5498162724],[76.8403395599],[77.9220593333],[77.5600644632],[78.1395651035],[78.4820836843],[78.1090045065],[78.0362705427],[79.7637346911],[79.4246573106],[78.6726754574],[78.0634412197],[78.7845620865],[78.0750710467],[79.1568505702],[78.7948388817],[79.3743314722],[79.716800646],[79.3437289309],[79.2710125297],[80.9984500604],[80.6593679366],[79.9073970336],[79.2981380077],[80.0192540044],[79.3097650212],[80.3915452438],[80.0295469674],[80.60904287],[80.95150735],[80.5784274722],[80.5056933826],[82.2331519863],[81.8940744232],[81.1421006162],[80.5328645251],[81.25397995],[80.5444939685],[81.6262559295],[81.264254367],[81.8437506208],[82.1862327495],[81.8131556991],[81.7404273214],[83.4678808195],[83.1288018479],[82.3768265716],[81.7675836762],[82.4887009083],[81.7792124546],[82.8609855142],[82.4989819844],[83.0784770324],[83.420949634],[83.0478732686],[82.9751466322],[84.7025970036],[84.3635175433],[83.6115440432],[83.0022985175],[83.7234148012],[83.0139269826],[84.0956986192],[83.733697288],[84.3131929778],[84.6556662123],[84.2825885791],[84.2098591601],[85.937312991],[85.5982342536],[84.8462600921],[84.2370182253],[84.958134557],[84.2486470828],[85.3304162888],[84.9684141834],[85.5479098355],[85.8903855209],[85.5173084683],[85.4445802527],[87.1720328745],[86.8329538353],[86.0809795533],[85.4717362059],[86.1928527909],[85.4833649139],[86.5651360495],[86.2031337674],[86.7826292514],[87.1251032303],[86.7520261965],[86.6792980661],[88.4067504043],[88.0676713363],[87.3156973263],[86.7064538038],[87.4275702176],[86.7180824873],[87.7998531534],[87.4378512117],[88.0173468111],[88.3598211153],[87.9867438966],[87.9140153543],[89.6414682289],[89.3023892688],[88.5504151263],[87.9411721541],[88.6622885983],[87.9528008974],[89.0345712784],[88.6725691786],[89.2520647567],[89.5945393687],[89.2214622589],[89.1487339462],[90.8761865733],[90.537107555],[89.7851334134],[89.1758901527],[89.8970066291],[89.1875188663],[90.2692895639],[89.9072874604],[90.4867830173],[90.8292573416],[90.4561802196],[90.3834518876],[92.1109045079],[91.7718254934],[91.0198513908],[90.4106081446],[91.131724592],[90.4222368587],[91.5040074453],[91.1420053913],[91.7215009677],[92.0639753783],[91.6908982313],[91.6181698428],[93.3456225412],[93.0065435416],[92.2545694146],[91.6453262455],[92.3664427013],[91.6569549681],[92.738725529],[92.3767234455],[92.9562190161],[93.2986934592],[92.9256163313],[92.8528879835],[94.5803406356],[94.2412616257],[93.4892875021],[92.8800442809],[93.6011607402],[92.8916729981],[93.9734436081],[93.6114415281],[94.1909370964],[94.5334114937],[94.1603343614],[94.0876060053],[95.8150586627],[95.4759796547],[94.7240055363],[94.1147623244],[94.835878779],[94.1263910424],[95.2081616297],[94.8461595563],[95.4256551277],[95.7681295437],[95.3950524084],[95.3223240453],[97.0497767132],[96.7106977072],[95.9587235846],[95.3494803824]]}