{"columns":["predicted_mean"],"index":[933,934,935,936,937,938,939,940,941,942,943,944,945,946,947,948,949,950,951,952,953,954,955,956,957,958,959,960,961,962,963,964,965,966,967,968,969,970,971,972,973,974,975,976,977,978,979,980,981,982,983,984,985,986,987,988,989,990,991,992,993,994,995,996,997,998,999,1000,1001,1002,1003,1004,1005,1006,1007,1008,1009,1010,1011,1012,1013,1014,1015,1016,1017,1018,1019,1020,1021,1022,1023,1024,1025,1026,1027,1028,1029,1030,1031,1032,1033,1034,1035,1036,1037,1038,1039,1040,1041,1042,1043,1044,1045,1046,1047,1048,1049,1050,1051,1052,1053,1054,1055,1056,1057,1058,1059,1060,1061,1062,1063,1064,1065,1066,1067,1068,1069,1070,1071,1072,1073,1074,1075,1076,1077,1078,1079,1080,1081,1082,1083,1084,1085,1086,1087,1088,1089,1090,1091,1092,1093,1094,1095,1096,1097,1098,1099,1100,1101,1102,1103,1104,1105,1106,1107,1108,1109,1110,1111,1112,1113,1114,1115,1116,1117,1118,1119,1120,1121,1122,1123,1124,1125,1126,1127,1128,1129,1130,1131,1132,1133,1134,1135,1136,1137,1138,1139,1140,1141,1142,1143,1144,1145,1146,1147,1148,1149,1150,1151,1152,1153,1154,1155,1156,1157,1158,1159,1160,1161,1162,1163,1164,1165,1166,1167,1168,1169,1170,1171,1172,1173,1174,1175,1176,1177,1178,1179,1180,1181,1182,1183,1184,1185,1186,1187,1188,1189,1190,1191,1192,1193,1194,1195,1196,1197,1198,1199,1200,1201,1202,1203,1204,1205,1206,1207,1208,1209,1210,1211,1212,1213,1214,1215,1216,1217,1218,1219,1220,1221,1222,1223,1224,1225,1226,1227,1228,1229,1230,1231,1232,1233,1234,1235,1236,1237,1238,1239,1240,1241,1242,1243,1244,1245,1246,1247,1248,1249,1250,1251,1252,1253,1254,1255,1256,1257,1258,1259,1260,1261,1262,1263,1264,1265,1266,1267,1268,1269,1270,1271,1272,1273,1274,1275,1276,1277,1278,1279,1280,1281,1282,1283,1284,1285,1286,1287,1288,1289,1290,1291,1292,1293,1294,1295,1296,1297],"data":[[89.6210592266],[89.2032553473],[89.5850630339],[89.1309764774],[89.6323019875],[89.2462916255],[88.998296772],[89.0080553568],[88.6483462603],[88.8766349289],[89.1902944975],[90.1585505285],[90.6129075199],[89.8827903778],[90.1179902273],[89.5651998086],[90.4607733792],[90.2471906294],[89.5978485173],[90.0023098127],[89.735987057],[89.8864542047],[90.0177591984],[90.9503383299],[91.2835794191],[90.8777966619],[90.5914192213],[89.9194170276],[90.3686997498],[90.4616161272],[89.8150920879],[89.8300327211],[89.5264237698],[89.7260661895],[89.8280452794],[90.8010173048],[91.1622705692],[90.6446735374],[90.7595652961],[90.1901636238],[90.772434885],[90.5644388363],[90.0462998387],[90.148451107],[89.8055039589],[89.9717617813],[90.1341233025],[91.0621318297],[91.4198830209],[90.8219776318],[90.8325471646],[90.2083302583],[90.8424837722],[90.6931042918],[90.05729475],[90.2233878956],[89.8957066045],[90.0407382876],[90.1491288838],[91.0697815576],[91.397793321],[90.878552152],[90.7864368763],[90.1427952505],[90.673717106],[90.5862370444],[89.9681123798],[90.0442982705],[89.7105081851],[89.8733716927],[89.9868211559],[90.9224642988],[91.2657760004],[90.7181104769],[90.7324505834],[90.1196711395],[90.6984318948],[90.5434162813],[89.9572677019],[90.0695008061],[89.7336298086],[89.8926426345],[90.024199287],[90.9534423957],[91.29919937],[90.7422691986],[90.7253207733],[90.1011235949],[90.6895321747],[90.5595180402],[89.9472664543],[90.0724642179],[89.7432983514],[89.9009781586],[90.0210836265],[90.9518574962],[91.2929186159],[90.7562713802],[90.7223193374],[90.096733755],[90.6625980062],[90.5441815276],[89.9399153932],[90.0445540203],[89.7138164735],[89.8760151966],[89.9989452921],[90.9330093591],[91.2780798695],[90.7326931989],[90.7240549374],[90.1052127671],[90.6840626615],[90.5490868967],[89.9504705173],[90.0651016619],[89.7336309167],[89.8939303918],[90.0199584921],[90.9516704188],[91.2962268882],[90.7493118798],[90.7301410133],[90.1073992524],[90.6862090105],[90.558187314],[89.9526095251],[90.0683282055],[89.7379026519],[89.8976459271],[90.0203070156],[90.9521877008],[91.2953449004],[90.7526556191],[90.7306610961],[90.1077315708],[90.6812660897],[90.5546235092],[89.9513615116],[90.0621745144],[89.7310354247],[89.8916196267],[90.0151164648],[90.9475231231],[91.2915764724],[90.7463181825],[90.7301039592],[90.1085772054],[90.6855229955],[90.5550133223],[89.9526539551],[90.0662198479],[89.7349804974],[89.8950296409],[90.0190981782],[90.9509287015],[91.294772031],[90.7495132603],[90.7303079356],[90.1077865961],[90.684343067],[90.5558735919],[89.9519222636],[90.0654374102],[89.7344897833],[89.8945344375],[90.0178477051],[90.949839567],[91.2934557752],[90.7491775079],[90.7297726892],[90.1073844439],[90.6828831375],[90.5545160798],[89.9513158947],[90.0638080725],[89.7327128595],[89.8929850266],[90.0166144906],[90.9487401182],[91.2926165793],[90.7476884874],[90.7296069364],[90.1075390004],[90.6839420292],[90.5547389261],[89.9516669507],[90.0649082535],[89.7338272205],[89.893970284],[90.017700564],[90.9496958331],[91.2935049943],[90.7486653969],[90.7297733159],[90.1074540699],[90.6836656317],[90.5550157601],[89.9515812854],[90.064720942],[89.733702434],[89.8938597567],[90.0174107242],[90.9494553055],[91.2932202645],[90.7485816619],[90.7297414944],[90.1074782049],[90.6834769355],[90.5547771622],[89.9515470126],[90.0644698617],[89.7334062932],[89.8936066668],[90.0172438308],[90.9493066232],[91.2931290421],[90.7483183866],[90.7297572054],[90.1075526112],[90.6837711843],[90.5548898319],[89.9516585909],[90.0647682878],[89.7337095732],[89.8938727991],[90.0175181631],[90.9495470088],[91.2933447192],[90.7485718499],[90.729796279],[90.1075271184],[90.6836747141],[90.5549350567],[89.9516227921],[90.0646858308],[89.7336389301],[89.8938087015],[90.0174127707],[90.9494557704],[91.2932461404],[90.7485121768],[90.729773836],[90.1075245545],[90.6836339804],[90.5548659265],[89.9516083833],[90.0646296664],[89.7335715801],[89.8937501959],[90.0173784867],[90.9494240562],[91.2932282771],[90.7484522063],[90.7297708975],[90.1075324906],[90.6836952566],[90.5548913336],[89.9516273258],[90.0646951784],[89.7336400093],[89.8938098753],[90.0174374707],[90.949475746],[91.2932733056],[90.7485111189],[90.7297762372],[90.1075227486],[90.6836638074],[90.5548957216],[89.9516150912],[90.0646673404],[89.7336147166],[89.8937873811],[90.0174062772],[90.9494488001],[91.2932457961],[90.7484906501],[90.7297706854],[90.1075235753],[90.6836590769],[90.5548805105],[89.9516140352],[90.064659143],[89.733603843],[89.8937781785],[90.0174035124],[90.9494461268],[91.2932462659],[90.7484810502],[90.7297717806],[90.1075262809],[90.6836741588],[90.5548890025],[89.9516193609],[90.0646755346],[89.7336211763],[89.8937933581],[90.0174177168],[90.9494586834],[91.2932569369],[90.7484959572],[90.7297735864],[90.1075245378],[90.6836660942],[90.554889558],[89.9516166136],[90.064667965],[89.7336140049],[89.8937870204],[90.0174095484],[90.9494516069],[91.2932499279],[90.748489935],[90.7297724035],[90.1075251535],[90.6836662328],[90.5548863114],[89.9516168465],[90.0646671955],[89.7336125746],[89.8937858312],[90.0174099738],[90.9494518991],[91.2932508835],[90.7484885457],[90.7297727525],[90.1075256228],[90.6836694635],[90.5548885023],[89.9516179087],[90.0646708004],[89.7336164614],[89.8937892119],[90.0174129397],[90.9494545177],[91.2932530059],[90.7484918838],[90.7297730051],[90.1075250833],[90.6836672011],[90.5548882596],[89.9516170826],[90.0646686083],[89.7336143254],[89.8937873243],[90.0174107052],[90.9494525693],[91.2932511372],[90.7484900868],[90.7297726515],[90.1075252255],[90.683667454],[90.554887527],[89.9516171887],[90.064668666],[89.7336142353],[89.8937872606],[90.0174110418],[90.9494528452],[91.2932515522],[90.7484899821],[90.7297727542],[90.1075252968],[90.68366812]]}